"lnalpha","beta","lnalpha.c","e0","phi","Smsy_lambert.c","Smsy_lambert","Umsy_lambert.c","Umsy_lambert","Rmsy.c","Rmsy","MSY.c","MSY","Seq.c","Seq","Rmax.c","Rmax","Smax"
1.48106933295068,1.22456942580227e-05,1.55948476232106,0.380482822453058,-0.0565097125801129,49993.5209497905,48167.6421571612,0.612205372433187,0.589846218986441,128917.518180875,117438.005906299,78923.997231085,69270.3637491378,127349.640572593,120946.130267818,142888.649947275,132112.023541674,81661.3561411478
1.45162721864313,1.24763183418461e-05,1.53024701297319,-0.0312732340198508,0.0775932480598789,48409.5790536138,46585.8031172755,0.603973319067652,0.581219309901696,122238.175820996,111241.52621827,73828.5967673819,64655.723100994,122652.129502072,116350.607516506,136206.208611593,125907.836488496,80151.8502975318
1.4128381200227,1.05378070750445e-05,1.49562699941827,0.0876689054176003,0.0163319422173897,56374.6260475096,54058.6409561493,0.594064933216432,0.569659529134999,138875.969731304,125618.306006612,82501.3436837943,71559.6650504629,141929.624329544,134073.257363818,155775.024285326,143397.993384744,94896.4042403273
1.77308974570132,1.64100130834087e-05,1.87745600101896,-0.0372373620318652,-0.0590166413482989,42281.0528975708,40744.3353825799,0.693832631229432,0.668615076702928,138097.841933165,122951.687050815,95816.7890355938,82207.3516682349,114409.171490372,108049.258503882,146543.099190368,132019.986275,60938.4035781816
1.7770153034193,1.49798155036783e-05,1.85952863132314,-0.0913880405116727,-0.011281304905997,46035.8355989205,44699.5542560372,0.689608323829496,0.669591075852097,148315.303318998,135285.55371594,102279.467720077,90585.9994599031,124135.616414403,118627.315735828,157681.98451367,145193.439747047,66756.4964170918
1.30793881329903,1.06072240346796e-05,1.38476257478251,0.281851192798176,0.232174583648125,52903.0557318661,50653.0373628475,0.561154564267045,0.537288115344721,120550.543367297,109469.929436941,67647.4876354313,58816.8920740938,130549.007945445,123306.419193449,138515.547004185,128272.744144108,94275.3727771343
1.43132314558858,1.14812132285644e-05,1.54453231563819,0.0443934289173933,0.255806564404642,52957.0295186497,50098.8802152387,0.608010947854996,0.575195926263462,135098.236108543,117934.086117804,82141.2065898931,67835.2059025651,134526.925411986,124666.541513884,150141.101316567,134070.577268998,87098.809166968
1.33427151177851,1.09898507358082e-05,1.40172610168554,0.13345053874077,0.212815677677846,51530.0194165413,49642.7955103186,0.566307221801088,0.545566912766652,118816.87223509,109241.155419714,67286.8528185485,59598.3599093954,127547.328474471,121409.429832478,135980.187389429,127110.222563432,90993.0465881308
1.57952943230284,1.29463845036209e-05,1.62640696893945,0.0537886979489026,-0.0974194774111392,48707.1576560653,47718.1390870885,0.630581591093902,0.617777376418708,131848.214603853,124843.837447366,83141.056947788,77125.6983602772,125626.345215112,122005.447301605,144509.563342866,137891.638856636,77241.642229946
1.60048036366237,1.41929090629831e-05,1.71819499668398,-0.248284252992712,0.185328496524628,46131.4413289868,43933.1461343098,0.654739351726648,0.623539147935004,133613.377486516,116700.437491239,87481.9361575296,72767.2913569296,121060.100438835,112766.195891202,144489.638275192,128444.019631273,70457.7191020078
1.56444780352175,1.36263220684787e-05,1.65307682226867,0.146495089044079,0.365961985222953,46800.9660093389,45029.7899011768,0.637725035959177,0.613590419869366,129186.310550748,116533.834088569,82385.3445414095,71504.044187392,121314.967748537,114810.716762723,141009.70712406,129049.972634745,73387.3744488444
1.73298969816224,1.49288321086068e-05,1.81249981299114,0.0909182495833723,0.12732176360092,45436.6131635134,44110.6775213871,0.678315569501803,0.658520898913682,141245.919465686,129175.335711795,95809.3063021724,85064.6581904077,121409.350698385,116083.407299031,150951.819230593,139414.372155998,66984.4762621104
1.92405868715656,1.64196279817109e-05,2.03520226202069,0.234776011583959,0.0601643359067659,44405.4286267353,42912.5253888664,0.729120618419409,0.70460770264091,163930.633507903,145273.000591144,119525.204881168,102360.475202277,123949.352828676,117180.406845982,171482.306750358,153444.128765086,60902.7196666
1.33887932501106,1.03820072802296e-05,1.4075527457419,0.269764873335895,0.0505852386520424,54716.5178508805,52687.7921569641,0.568067286676656,0.547005041752828,126678.337072191,116309.886451795,71961.8192213102,63622.0942948307,135576.16631827,128961.508971456,144782.669365101,135173.665840767,96320.4872630258
1.52729540856125,1.11566895185954e-05,1.60679703062814,0.13281216939649,-0.0170326106995202,56043.8533991381,54060.4243690687,0.625263871799863,0.60313536992921,149555.511683161,136218.801759748,93511.6582840229,82158.3773906793,144020.950654762,136895.035576246,164434.618419387,151867.952953893,89632.3231307323
1.44736713948654,1.12051752622e-05,1.51387088208244,-0.266961560729677,0.272235430852123,53484.9454370936,51758.2742294527,0.599308187511838,0.579960534010027,133481.503165662,123222.407464655,79996.5577285688,71464.1332352025,135104.614310621,129169.52261953,149194.438634325,139595.181032812,89244.4764673553
1.41379428989361,9.87015773550317e-06,1.52467705601737,0.129920677918662,0.171276348215374,61031.5441862318,57744.4814923716,0.60239096795944,0.569947140684552,153496.372738348,134272.985847108,92464.8285521167,76528.5043547367,154473.423513089,143239.280240493,171214.387681905,153244.354287322,101315.503439522
1.60092014216081,1.29086142428464e-05,1.69631512621741,0.115854998477322,0.0681611018262479,50283.4689336928,48313.4286362544,0.649089903257191,0.623659413014696,143294.448921334,128376.875381079,93010.9799876409,80063.4467448242,131409.54515373,124019.519992086,155426.90331091,141285.202734065,77467.6492137158
1.82671180283027,1.52243781867687e-05,1.92291516952208,0.149182227651851,-0.202151516429869,46264.4086538877,44780.8479459279,0.704346853933999,0.681760564652989,156482.044143578,140714.326925255,110217.635489691,95933.4789793271,126305.005428285,119985.971211478,165301.73111445,150140.13790323,65684.127636102
1.76316704744432,1.52902411497766e-05,1.84088852383416,-0.0217626601569216,0.172673493375839,44810.8730781024,43566.2439540912,0.685169055496217,0.66613837604805,142333.127859241,130491.918892605,97522.2547811382,86925.6749385138,120396.304139458,115313.226925141,151627.826923438,140289.414451461,65401.1921855538
1.89383093369331,1.5790137093766e-05,1.96716261649841,-0.288322217129131,0.150060426145942,45237.797985875,44182.8044925386,0.714311032017057,0.697652540124245,158346.324344509,146132.547337077,113108.526358634,101949.742844538,124581.731293204,119937.586510316,166589.447090921,154810.33184758,63330.6724356943
1.85858532757263,1.66066775091567e-05,1.96983156905023,0.134894701595588,0.288334365580365,43049.1657733048,41512.5073807446,0.714903613035499,0.689384822668512,150998.636747596,133646.101061065,107949.470974291,92133.59368032,118616.837592233,111917.951471499,158821.665792266,142100.66750014,60216.7410939735
1.35681456751572,9.85995437208339e-06,1.43211984629051,-0.0712454432920692,0.21882280995729,58360.6570120024,56042.1358563313,0.575433415263152,0.552572902457525,137459.374124262,125254.228374067,79098.7171122593,69212.0925177361,145246.092653865,137608.605102402,156240.046509238,144906.441838618,101420.34762669
1.86177588360856,1.4741072137858e-05,1.92610508774714,0.208512973418219,-0.0361722256938182,47830.5823745419,46817.5092278257,0.705074065178883,0.690140280842213,162178.285214398,151092.595562527,114347.702839856,104275.086334701,130662.483008988,126298.539631126,171266.82936669,160596.264541508,67837.6708727853
1.65669569423639,1.4755293353714e-05,1.76006121569107,-0.0265925743481029,0.273379278661609,45092.9914396549,43285.2443436434,0.665360316888623,0.638686478177647,134750.878976438,119799.680137422,89657.8875367834,76514.4357937789,119283.376717689,112278.058763189,144924.744584738,130692.741482102,67772.288630798
1.44269886809456,1.19252705660489e-05,1.50428852456415,0.0792069229422579,0.0996604804723144,50024.8854626291,48516.9778386057,0.596560294177457,0.57857808777237,123995.939766605,115126.851335626,73971.0543039764,66609.8734970206,126142.926169477,120978.292283104,138848.592665134,130554.977501328,83855.5397516086
1.3804887811423,1.18121036368386e-05,1.46396317625011,-0.043844713277691,0.309663223932747,49512.7178013767,47396.2755538963,0.584849354011406,0.559849718842784,119264.460455006,107682.029486122,69751.7426536289,60285.753932226,123937.549251128,116870.696667184,134638.541539777,123855.965562901,84658.9253485114
1.58494930775762,1.53006084899511e-05,1.64994436028894,0.479624080089333,0.0349286023540716,41625.2272377111,40473.8149003646,0.636891305269464,0.619273995885225,114635.721594608,106306.935861842,73010.4943568967,65833.120961477,107835.212003011,103587.338294328,125186.802413683,117309.059767582,65356.8778429151
1.55357380702865,1.39968845942492e-05,1.64830199443332,0.0909398427971391,0.413824053301147,45471.0910572687,43620.5015030777,0.636453613903187,0.610551125481853,125076.449103141,112005.719767576,79605.3580458719,68385.2182644988,117762.062217084,110994.257083962,136622.616057861,124274.684113265,71444.4698937406
1.50231488893896,1.19904978408691e-05,1.6111274361153,-0.0608105860794549,0.170287896025943,52244.9478895438,49705.4139685215,0.626442934865893,0.595992658869061,139858.010370619,123030.967282379,87613.062481075,73325.5533138576,134367.017741652,125292.119549731,153663.973105883,137820.991270385,83399.3728426808
1.44440255343394,1.20975163923884e-05,1.52082335357714,-0.125859959542065,-0.0285650490038833,49703.8828530236,47867.9228994763,0.601293537579806,0.579082981945999,124662.847327117,113722.945013678,74958.9644740935,65855.0221142014,125713.684052871,119396.618825227,139153.613755747,128915.565326462,82661.5949559024
1.79014325158615,1.61099783630906e-05,1.85275533620108,0.167091703238906,0.0607024755556103,42706.4988031974,41765.3782209092,0.688000771682863,0.67283933946514,136880.142407877,127660.147624806,94173.6436046793,85894.7694038967,115006.693022377,111120.15244462,145630.37901334,136791.747278002,62073.3297998148
1.25824353849199,1.00591244501408e-05,1.34624825473457,0.104979039792766,0.20540926528145,54606.9809512603,51832.0386676608,0.549298417235196,0.52138492746251,121159.949375542,108295.87625158,66552.9684242818,56463.8375839188,133833.542015252,125084.796865633,140544.393329084,128704.449850753,99412.2306525398
1.44717098748941,1.26255511695104e-05,1.52247376321677,0.117530354785526,0.119283032486733,47662.3781773211,45930.8669202138,0.601763794538322,0.579902510561131,119683.689035922,109333.828634788,72021.3108586011,63402.9617145737,120586.716791692,114622.400880542,133554.069523285,123866.408652739,79204.4629635587
1.43695069310921,1.15290106657974e-05,1.53663669857291,0.0886919904948598,0.355948771770156,52544.2295290373,50036.5092931808,0.605782982666376,0.576871449320351,133287.573135305,118253.682510457,80743.3436062678,68217.1732172758,133284.350506465,124637.814532703,148342.746669367,134268.220750155,86737.7114123641
1.24968782942002,1.11177708088843e-05,1.34534833002286,-0.333740584696008,0.0933570712940261,49382.0910472685,46646.9499435131,0.549018770326987,0.518610098405475,109499.215927619,96900.5577163184,60117.1248803507,50253.6077728053,121008.820306656,112404.532428514,127047.217297458,115457.016190771,89946.0887609677
1.27809983104493,1.03490493965547e-05,1.36041336071338,0.148780569768652,0.276882166622576,53500.9913364239,50998.2160480116,0.553684402105299,0.527783057017043,119872.55562833,107997.429583657,66371.5642919061,56999.2135356453,131452.977813235,123499.249261523,138555.916022422,127607.665081392,96627.2322879148
1.42111706706258,1.20772413538085e-05,1.52340704920792,0.311598579652632,0.139540644296198,49848.2663118007,47373.843512958,0.602029543316538,0.572145341963548,125256.197978156,110724.150416803,75407.9316663549,63350.3069038453,126138.660690715,117669.012767923,139747.82194032,126159.823592289,82800.3656385203
1.65652458631331,1.50820281378732e-05,1.75976362935754,0.369992794602426,0.0657897671405121,44111.1559752928,42344.5080178483,0.665285695613479,0.638641061409584,131787.483824874,117181.293987151,87676.3278495816,74836.7859693024,116679.508436834,109834.338669183,141742.929727983,127839.557398167,66304.0799856919
1.62303207409212,1.31301626752193e-05,1.70254612706978,-0.0975726295986307,0.122441184364634,49558.083268632,47956.0204686954,0.650705695189203,0.629670350010119,141880.59348828,129495.492650955,92322.510219648,81539.4721822596,129666.796153487,123610.964634527,153759.443852531,142006.847071723,76160.51870304
1.34462701013485,1.05162129220664e-05,1.43443624160609,0.265477582699555,0.0920177380147479,54784.301700745,52185.5673407707,0.576123381471761,0.548794537614381,129245.868505236,115658.101887452,74461.5668044914,63472.5345466812,136402.35817175,127862.284655095,146829.693347616,134217.837771527,95091.2659729125
1.61825917075504,1.26814979312169e-05,1.68388272584266,-0.0211638912198127,0.0912858997348137,50928.484962754,49550.8372448837,0.645849476695173,0.628378840011056,143804.629984744,133336.964037134,92876.1450219897,83786.12679225,132782.636166159,127607.888242565,156255.725229839,146330.882259042,78855.037900404
1.58624958569812,1.41625333171167e-05,1.70217059764615,0.110129266221981,-0.132133461114884,45938.7071931726,43751.5240197583,0.650608471168576,0.619632416604459,131482.029191776,115024.323653421,85543.3219986037,71272.7996336626,120188.285494723,112003.237710375,142497.70549485,126900.699363078,70608.83654137
1.53778577202482,1.38005797234774e-05,1.61946282579386,-0.140664423771465,0.0189457438926914,45556.4086025303,43919.0092792855,0.62870484883453,0.606107788934923,122695.942727859,111500.070439396,77139.5341253289,67581.0611601105,117347.449037872,111429.07057801,134626.934450081,124068.080443975,72460.7241171769
1.78238590012354,1.50853034317964e-05,1.87133404359596,0.249190256848721,-0.0557862441584773,45898.6498737321,44475.2637077916,0.692395060455032,0.670922848241198,149212.980590067,135151.478825215,103314.330716335,90676.215117423,124050.142713843,118153.798376152,158438.789937043,144954.542300721,66289.6841632119
1.42025096716159,1.22316940377635e-05,1.51198113121708,-0.0795223345425883,-0.083018921735915,48952.1181438917,46754.4200699841,0.598767331636533,0.571885761209113,122004.318201596,109210.149613411,73052.2000577038,62455.7295434265,123611.752104743,116112.368636493,136415.579098054,124458.931136138,81754.8245494577
1.60812871528013,1.40793344664889e-05,1.69635988477914,-0.150395551496136,0.107687140976338,46103.1401070158,44435.8180588493,0.649101529522076,0.625626744742589,131385.981945784,118693.890214717,85282.8418387684,74258.0721558676,120485.800576493,114219.086073119,142509.274550198,130474.253049087,71026.0845340494
1.58014773035009,1.31484161934404e-05,1.64314379515723,0.294715967301424,-0.177471209066145,48300.6033697476,46997.9285794407,0.635076435499732,0.617948325192074,132358.137616822,123014.585927594,84057.5342470741,76016.657348153,124968.952228404,120177.799904022,144690.613716053,135856.842074586,76054.7875339456
1.70017323203378,1.40139429041868e-05,1.81618901441632,-0.00122400410665396,0.117555477926592,48466.9118464142,46388.8731070174,0.679212535357902,0.650091019111307,151087.299812319,132574.113957292,102620.387965905,86185.2408502746,129598.716566322,121320.119801961,161400.933188566,143721.263739646,71357.5049389735
1.67051708394465,1.49301702472944e-05,1.73285482487833,-0.231679478230992,0.0258482567784912,44104.4244079798,43023.0336488548,0.658486565070063,0.642341216932476,129144.039141617,120290.723129627,85039.614733637,77267.6894807722,116063.969544645,111888.682866652,139383.076614723,130959.530554297,66978.4726789181
1.62739757027417,1.48088630182238e-05,1.72831088754615,-0.0491401137219961,0.120224052635711,44387.4954226317,42599.4046485909,0.657328339435788,0.630848748098868,129533.604703544,115398.239689568,85146.1092809123,72798.835040977,116707.871861553,109893.485291308,139887.749597577,126460.119190343,67527.1287721008
1.45743082275332,1.18214298099151e-05,1.52315808589289,0.403150233090919,0.0344323069317523,50920.9693139346,49311.2843966507,0.601958664597518,0.582929887331769,127928.847546563,118232.601423245,77007.8782326288,68921.3170265939,128847.196183947,123287.1865915,142736.374644739,133656.373811213,84592.1361527064
1.55977875756879,1.47385536064217e-05,1.66817387627067,-0.198128115387251,0.490990896113301,43540.4688914485,41543.2568404119,0.64172353480535,0.612287517927754,121527.571920732,107149.650221142,77987.1030292836,65606.3933807301,113184.368074207,105829.839156617,132351.650645309,118755.562237549,67849.2630080263
1.68403044114106,1.4513844372772e-05,1.78846605607919,-0.302028595469592,-0.0564582620438698,46329.9506989979,44501.5180321457,0.672425694243455,0.64588810707067,141433.408801698,125670.780678995,95103.4581027001,81169.2626468495,123224.833486182,116029.247516275,151580.730380659,136548.893125337,68899.7328561688
1.41954997958985,1.13783316335797e-05,1.54059707688604,0.0428760448919459,0.515481603476303,53338.3684642042,50242.4788028371,0.606901645179783,0.571675585911777,135687.081388571,117300.058437688,82348.7129243669,67057.5796348512,135397.448984475,124759.061811881,150903.648395259,133699.460073305,87886.3468040257
1.49304684339922,1.31433511097869e-05,1.61388077299986,-0.171110057994713,-0.222671081657344,47719.2756848381,45142.1768011519,0.627191195030546,0.593319479557618,127999.325790462,111001.57133675,80280.0501056243,65859.3945355985,122790.661188235,113597.120774431,140572.031941464,124572.280119702,76084.096943539
1.76718984523798,1.47460030066707e-05,1.88043943374673,-0.49638089153217,0.229212234937407,47099.6337243438,45242.3705681634,0.694531340512263,0.667144132427047,154188.104937929,135921.805729465,107088.471213585,90679.4351613016,127521.975473359,119841.956117773,163566.992955718,146053.509904318,67814.9868508522
1.54474538738011,1.26184239417948e-05,1.62714643973575,-0.29159852617804,0.0910172765663602,49988.8921572466,48189.1359110115,0.630781033620799,0.608070946313911,135390.910839359,122953.722000942,85402.0186821121,74764.5860899302,128950.053290435,122419.835829386,148375.133867998,136639.039801434,79249.1997901414
1.43203403585985,1.34152125537079e-05,1.53945613853703,0.224711551591366,0.296873996843152,45215.8028176701,42892.1896060258,0.606579605585587,0.575407840458775,114929.992088924,101019.740101586,69714.1892712544,58127.5504955604,114754.509656393,106747.025447916,127845.447029245,114823.938608239,74542.2404599626
1.49678039911843,1.27207730275468e-05,1.5762353929939,0.314647912616789,-0.00365116329460935,48492.7839787914,46726.551555007,0.61686569846806,0.594397856691206,126568.630855801,115202.920709009,78075.8468770099,68476.3691540018,123910.346453048,117664.264261076,139875.724088965,129191.958594298,78611.574771007
1.30005754291978,1.00335922208126e-05,1.41382725043666,-0.0519492136467797,0.173058486717586,56804.8850427307,53299.9909741453,0.569957052668897,0.534790374807566,132091.190880512,114571.986665361,75286.3058377813,61271.9956912159,140909.379145783,129570.4982133,150753.167037336,134541.693036696,99665.2024511927
1.39645514616055,1.092388981008e-05,1.48307684614249,0.402765063887018,0.17383388564156,54049.4123219021,51695.0207606681,0.590429824504038,0.564710710519335,131966.182001538,118760.148733143,77916.7696796361,67065.1279724752,135764.537351336,127834.971831369,148395.351856523,136082.090266315,91542.4832532871
1.44009050575902,1.06799732861169e-05,1.52916577197097,-0.00253918641294049,0.190724820865713,56523.2224781478,54101.6581337011,0.603666506111861,0.577804263602556,142615.305922393,128143.544497501,86092.083444245,74041.8863638001,143180.673865427,134840.272272125,158943.806056517,145398.093442312,93633.193006196
1.36810217470904,1.05195982071365e-05,1.44451944691472,0.300704524734292,0.120878385147772,55051.3048877986,52858.741056956,0.579117608198211,0.556052717654247,130799.733987742,119065.355637854,75748.4290999434,66206.6145808982,137316.979077657,130052.702372313,148269.966865323,137361.679065902,95060.6648951287
1.5105901227124,1.33525048751873e-05,1.57314448192251,-0.0724489112034826,0.0909713604021903,46134.3258412916,44813.2310064138,0.616008810709327,0.598368885486036,120144.230200993,111578.085927543,74009.9043597012,66764.854921129,117816.431944979,113131.591175788,132846.690794599,124791.132952196,74892.3149137567
1.6273076429025,1.22410898361898e-05,1.7010451882901,-0.179668647131529,0.228438852195019,53125.742309215,51533.3609748498,0.65031698422137,0.630824501253934,151925.429351841,139590.414721147,98799.6870426258,88057.0537462974,138961.907073102,132938.134159549,164679.663780711,152973.485633194,81692.0726325838
1.61454180513901,1.46023155370025e-05,1.69509867845281,-0.034319556096616,0.0454802665835088,44429.516257474,42963.7803748482,0.648773815548016,0.627370677696006,126498.302872256,115298.978913415,82068.7866147821,72335.1985385665,116084.238431734,110567.519312108,137232.126064552,126610.693068237,68482.2895016881
1.43495679848651,1.14062437730216e-05,1.51202945694343,0.206244260064966,0.0836753989502976,52495.9119845219,50523.0590054312,0.598781169182541,0.576278327174701,130841.097058093,119236.428640888,78345.1850735715,68713.3696354564,132561.559005054,125804.500328191,146294.809813366,135443.038601776,87671.2807388207
1.32039550485589,9.36051215199996e-06,1.44840705059865,-0.212896275018123,0.196889689904207,61991.0582852113,57819.1840861049,0.580268054394058,0.541217175256708,147692.0185232,126027.350998715,85700.9602379883,68208.1669126102,154735.876315185,141060.177414948,167278.873937363,147179.183190502,106831.76131408
1.62376032279913,1.4933075261468e-05,1.69013817007743,0.145911670776248,0.0508782099258923,43358.9639129182,42179.3307140701,0.647482671370881,0.629867120031556,122998.106452054,113957.265071036,79639.1425391362,71777.9343569663,113180.851263672,108735.829316346,133528.492235599,124952.920802229,66965.4429841598
1.65260464011777,1.44193585287824e-05,1.89234050997065,-0.0269511003642605,0.62784175422033,48359.0428965843,44218.2951145536,0.697306377634616,0.637599450788256,159762.344904015,122014.978207767,111403.302007431,77796.6830932131,131236.109164868,114610.13586832,169274.920701725,133191.544060308,69351.2126773119
2.00297298995933,1.67321072020107e-05,2.10088751516785,0.116772485709447,0.408687160963157,44395.9680465517,43161.4746287665,0.742838096691943,0.722182420485385,172638.199808971,155359.047847784,128242.23176242,112197.573219017,125560.247122693,119708.352676502,179704.409855425,162942.733096093,59765.3354671211
1.68650152861321,1.4169402666373e-05,1.7441298723471,0.34264266348998,0.0122037355321634,46674.3673432487,45628.873532548,0.661347905084699,0.64653388229568,137823.943935508,129089.808745735,91149.576592259,83460.9352131868,123091.277269316,119024.179658303,148531.9747613,140214.292013824,70574.6052635807
1.68873378858234,1.52504415354188e-05,1.75710211866673,-0.327638316535886,0.050720072322609,43580.2302787005,42432.6400159744,0.664617753965413,0.647116495757092,129941.971568186,120245.462045644,86361.741289485,77812.8220296693,115216.475181122,110733.435793337,139805.048558913,130566.230546564,65571.8719800682
1.92397513184783,1.84364090876975e-05,2.05400698362714,0.150968105301709,0.274256774199095,39764.0030439261,38217.2388039588,0.733105427082272,0.704588648792012,148987.679326786,129369.567715262,109223.67628286,91152.328911303,111410.360545631,104357.368221542,155622.748303943,136647.271704934,54240.4974441195
2.35042990347611,2.33770569574778e-05,2.51002041015571,-0.182098089796583,0.336438884131802,34913.9990620678,33792.2002265251,0.816186544687285,0.789962189413972,189942.564338774,160886.271534831,155028.565276706,127094.071308306,107371.103844311,100544.303235068,193643.844679493,165079.984827475,42776.9843662943
1.91553978024218,1.76776610967449e-05,2.01169057738918,-0.0303022478690051,-0.064113792803069,40959.757127791,39748.4809680221,0.72407270511007,0.702660175663108,148444.02089373,133680.313616471,107484.263765939,93931.8326484491,113798.458199858,108359.345150864,155577.515413852,141315.262917563,56568.5694802769
1.92439668758863,1.63411132342821e-05,1.99958662387187,-0.1212708214764,-0.0524060207981163,44149.0978827303,43123.4249500443,0.721445407693101,0.704684770158741,158493.520128682,146025.062687165,114344.422245952,102901.63773712,122365.385711723,117764.111905878,166277.434646193,154233.50959464,61195.3412024643
1.93060940130624,1.73784528060267e-05,2.00456810324743,0.0604105091982958,0.136903499543416,41576.1438500604,40630.6922666637,0.722529053754853,0.70609856803241,149839.629743892,138245.982657016,108263.485893832,97615.2903903523,115347.903845172,111092.133624043,157132.954019974,145930.953108655,57542.5218321626
1.99742017003109,1.65341706273993e-05,2.06280079934296,0.204934618448119,0.0994340785352976,44450.5473801087,43605.0354599152,0.734952934864014,0.720973096508033,167708.128959295,156275.380309951,123257.581579187,112670.344850036,124759.859192733,120805.585901062,175059.670791943,163980.294062069,60480.8080511078
1.93758050670123,1.75747386239459e-05,2.02289079110133,0.155976088034631,0.141353796491504,41336.9731420798,40266.8130898243,0.726486498477126,0.707678715272947,151133.208824877,137748.481529227,109796.235682797,97481.6684394026,115102.183559367,110248.041132244,158251.177939882,145310.55636426,56899.8504841193
1.16091354498176,9.19524151528796e-06,1.29733591393299,0.122339735706111,0.326412056451841,58065.4351070876,53199.0913410764,0.533925699499951,0.489178493275062,124584.073922955,104144.188607397,66518.6388158672,50945.0972663201,141087.747589452,126251.555552036,146409.145562767,127738.179996747,108751.901550101
1.39434191850938,1.17816181024533e-05,1.48070336692587,0.195805328336842,0.295696681037722,50055.9227184078,47877.0814776702,0.589739765234197,0.564069489829951,122010.174217792,109827.32421962,71954.251499384,61950.2427419496,125679.117592306,118348.931902574,137265.652414107,125908.653090917,84877.9846116187
1.57674498404534,1.38640623439699e-05,1.67181141318526,0.414063239965782,0.00371552443250972,46355.9710465372,44504.043860197,0.642682072604458,0.617006838636544,129733.124179975,116200.622752016,83377.1531334381,71696.5788918192,120585.970526337,113728.930592348,141212.612248026,128406.397374051,72128.9312749622
1.66028049072837,1.45938190900335e-05,1.75856754905859,0.266443589021947,0.049805805899279,45566.2525748947,43829.3098057828,0.664985646688787,0.639637018146626,136012.836836772,121625.449929306,90446.5842618771,77796.1401235228,120500.846160246,113766.004668526,146309.57285911,132613.340612938,68522.1595410159
1.44657629019067,1.11537532254649e-05,1.55234456862193,0.089136432438867,0.353068103088536,54708.6222905081,51975.9176815177,0.610206472333494,0.579726559486725,140352.8237578,123671.668659433,85644.2014672915,71695.7509779155,139176.879498984,129694.127254674,155761.157787983,140127.891420395,89655.9193829861
1.37589329740926,8.62526278511031e-06,1.47714765937778,0.274044325737222,0.221372911613078,68253.5084032936,64745.117686993,0.588704445984142,0.558443654103208,165947.595924322,146629.344790634,97694.0875210283,81884.2271036406,171258.278869806,159519.000369988,186831.568555786,168840.274396447,115938.496590074
1.36476145158793,1.21693479579285e-05,1.49461547415184,0.230612258118464,0.551389473176643,48792.491040195,45608.423571302,0.59377280120224,0.555024776251761,120111.33470284,102496.546183225,71318.8436626451,56888.1226119225,122818.040811963,112147.459034465,134753.936859736,118344.090561149,82173.6713796969
1.39211630898081,1.09650632638954e-05,1.52441764782111,0.192838115851735,0.125562565319124,54930.5689282556,51380.7758725612,0.602317163420087,0.563393457990661,138126.576949261,117682.10259997,83196.008021005,66301.3267274091,139024.975153637,126959.259192295,154077.970360535,134984.159766158,91198.7442236379
1.50383217867546,1.47607866659708e-05,1.64200001070162,0.0948698694841031,0.239477120182399,43003.8422603152,40406.3217655885,0.634770541421573,0.596429095538425,117744.725268597,100121.989268519,74740.8830082816,59715.6675029309,111240.684379447,101880.219036182,128738.237323904,112124.890383745,67747.0667810258
1.43641863727601,1.14974634831086e-05,1.52479794190929,0.153597352684056,-0.0147709861617107,52396.3706332102,50160.0406962628,0.602425358002758,0.576713236216523,131790.021541599,118501.321061674,79393.6509083893,68341.2803654112,132620.3770205,124933.524632308,146999.145896923,134565.015908841,86975.7056823134
1.6673195583229,1.42660702371766e-05,1.8230812460523,0.0265593909162235,-0.184287539186484,47727.4523304968,44966.702537997,0.680883187188365,0.641498136741292,149561.071101161,125429.480698535,101833.618770664,80462.7781605382,127791.411071386,116873.079313598,159644.986850512,136618.289632269,70096.3883798956
1.76716394543277,1.4514699826789e-05,1.82395176412501,-0.141341986996213,0.0427674243890558,46924.4101347427,45962.8977759369,0.681093727654927,0.667137664387113,147141.697118983,138083.804799684,100217.286984241,92120.9070237473,125662.382680394,121749.947744093,157047.000384196,148377.144691515,68895.6721071387
1.45024169791935,1.23357175346122e-05,1.54745704218073,-0.0385643095903619,-0.0410471349987535,49355.3729633979,47083.6174836023,0.608833939691912,0.580810205785447,126174.987994932,112320.524338681,76819.6150315342,65236.9068550785,125445.239633511,117564.43788942,140150.017468496,127166.602566345,81065.4100334373
1.59039074532331,1.40020096975354e-05,1.66466855423821,-0.0599423648452039,0.0825240145288502,45764.7195870557,44334.5140175694,0.640798047462941,0.620772295209524,127406.655960018,116907.371105875,81641.9363729619,72572.8570883057,118887.830404176,113583.034127112,138826.224019279,128888.173351878,71418.3193414029
1.57996295613259,1.32284386455408e-05,1.66063179847251,0.456547318985802,0.316681601942258,48360.2100449622,46709.7637637473,0.639730071465249,0.617897244096437,134233.268487457,122243.985530259,85873.0584424947,75534.2217665117,125534.981336009,119436.84349061,146352.503976903,135010.058107403,75594.7112728298
1.41752407659734,1.15753951337135e-05,1.50761356019587,0.154623873527553,0.123319413725438,51619.431711027,49334.6233115581,0.597515318632876,0.571067758604196,128251.916410063,115017.288397385,76632.4846990355,65682.6650858273,130242.945729336,122460.10267665,143521.823383808,131157.333202179,86390.1394681111
1.68926437264486,1.46821228641107e-05,1.76834738166273,0.217801155214778,0.0234435289131967,45458.8970235491,44084.5563141104,0.667433111366706,0.647254872213577,136690.989323578,124975.663280606,91232.0923000288,80891.1069664957,120442.213842612,115055.86680344,146858.867217103,135692.192424251,68110.0416646437
1.38959330728288,1.20575503755464e-05,1.51523206165935,0.109424678771246,-0.0890036554339993,49736.2583961802,46661.7342023046,0.599697441103137,0.562626210754646,124246.666154824,106686.169472603,74510.4077586434,60024.4352702988,125666.658190569,115246.73453582,138836.403917404,122444.459504281,82935.5854923958
1.38494719618268,1.07214957907669e-05,1.46436762676566,0.0111888046031058,0.0155898656907891,54560.2967753804,52344.4565874723,0.584967992220235,0.561210870972566,131460.455465239,119292.965856954,76900.1586898583,66948.5092694819,136582.400006792,129174.811351916,148394.19713697,137064.524477014,93270.5677934579
1.4139536066648,1.2259747753306e-05,1.48101896005332,-0.212292267384089,0.164826957636533,48111.2319221752,46493.211838263,0.589831567466673,0.569995049378126,117296.281493496,108122.503638678,69185.0495713209,61629.2918004146,120803.379470344,115333.009709234,131953.934881673,123394.622178643,81567.746753218
1.42132321656133,9.89015430788778e-06,1.53120338254416,0.0977229662848845,0.25100690650769,61095.5641202797,57856.236964282,0.604244556677018,0.57220711125047,154377.065814402,135243.568759172,93281.501694122,77387.3317948902,154820.980024848,143710.924249966,171987.00361798,154090.292820812,101110.657009918
1.29824058442136,1.12279555506675e-05,1.36286167388194,-0.296814814159472,0.267306568461831,49380.2702977952,47578.8523600099,0.554439479983592,0.534213239449964,110827.301970059,102147.283670805,61447.0316722642,54568.4313107953,121381.106981753,115625.732446383,128023.040696975,120011.691080237,89063.4092277421
1.4173714420003,1.02956775594629e-05,1.49926755651554,0.104084519561926,-0.0487252541694078,57802.4222785547,55462.2982543804,0.595115101935913,0.571021939533861,142762.603779323,129289.358514311,84960.181500768,73827.0602599306,145621.067468021,137666.650282533,160019.980052027,147437.236246284,97128.1388936746
1.58311484218554,1.2020837428705e-05,1.69236054862145,0.153913456412534,0.272338860599343,53911.5148648321,51474.6093598129,0.648061555725358,0.618767910820406,153184.500704223,135021.712024781,99272.9858393913,83547.1026649684,140785.578264306,131697.550322507,166246.933011379,149042.056555253,83188.8798040032
1.84031550608801,1.68881181941902e-05,1.94174084037312,-0.0509282155917546,0.222657519687136,41959.5953270459,40562.9459777979,0.708618605263543,0.685031825977604,144002.314784019,128784.268771593,102042.719456974,88221.3227937946,114976.743888559,108971.02240326,151848.879143619,137202.84837679,59213.2284071777
1.76067676581545,1.45439379995544e-05,1.83417010324074,0.259636197820865,0.0622462577925682,46999.4598121931,45758.9017259641,0.683557229521088,0.665514629630127,148524.359526568,136803.895714076,101524.899714375,91044.9939881116,126112.343389867,121059.149583104,158341.027314912,147121.352043781,68757.1687964178
1.73151805138278,1.5043480369581e-05,1.87844983289588,0.313553650449678,0.192945669976283,46137.2968120246,43749.5922306034,0.694065518897223,0.658146131898256,150807.769839207,127977.467312385,104670.473027182,84227.8750817819,124868.034972428,115100.894795864,160013.856174532,138148.422293524,66473.9791213523
1.33938445447195,1.07431480740973e-05,1.42810347065786,-0.0645463953189716,-0.286639842090031,53451.2991702902,50931.3007244969,0.574235221739299,0.547162505289647,125541.852918518,112471.474468063,72090.5537482275,61540.1737435657,132931.563523838,124673.368107187,142820.784172474,130695.680426538,93082.5855794629
1.46344918313024,1.16959981414001e-05,1.63929772894249,-0.167502510358884,-0.250038369185689,54210.6016718576,49991.3339438981,0.634047096398226,0.584698548893943,148135.459886524,120373.607678851,93924.8582146666,70382.273734953,140158.856826413,125123.924049723,162034.012002125,135905.218233033,85499.3295920869
1.48520511443634,1.28350229606036e-05,1.60001498917873,-0.20632293404316,0.286753257294159,48571.1521278931,46049.6169758735,0.623411852784477,0.591047891212337,128976.847750058,112603.935733178,80405.6956221653,66554.3187573041,124660.080008418,115715.033700765,141966.720141642,126568.389455979,77911.8201088885
1.31626860974263,1.09901315168571e-05,1.4040507131677,0.205901803420737,0.280363138453112,51592.6510474744,49127.5304326625,0.567010020315061,0.539918020553362,119154.376470826,106779.949285887,67561.7254233512,57652.4188532245,127755.587912129,119768.230955533,136293.174014292,124839.155587754,90990.7218549802
1.49114514341606,1.24621297594964e-05,1.61440988092345,-0.115453396450211,0.373076998600955,50339.2979309736,47565.6595550248,0.627334862817739,0.592769421470748,135079.171375115,116802.769887301,84739.8734441419,69237.1103322764,129545.263296047,119654.117891028,148334.629761384,131132.202789231,80243.1060580141
1.75296351790311,1.54549594441746e-05,1.80438680387993,-0.259785095833645,0.0627687098458704,43761.7685638712,42936.1938634063,0.676336358359983,0.663577134846161,135207.551710562,127625.670876361,91445.7831466903,84689.4770129551,116751.312767764,113424.012805407,144634.827008318,137385.225573281,64704.1490863911
1.58500052974784,1.46229053105896e-05,1.70158496344646,0.110382240827322,0.104511567031443,44482.0504195328,42350.5525519488,0.6504568113057,0.619288119818296,127257.666171935,111240.428146702,82775.615752402,68889.8755947537,116364.356282483,108391.629165513,137930.658770083,122752.072752112,68385.8630525235
1.4939431496488,1.22338091286963e-05,1.58533390750606,0.301655438640709,0.0440498515887098,50628.5515404598,48519.5201767688,0.619380036008347,0.593578548858518,133016.016841329,119382.281718881,82387.4653008695,70862.7615421122,129586.287543707,122115.943933155,146772.802141255,133953.814099759,81740.6900402218
1.72585532541917,1.49312647129269e-05,1.79796260984881,-0.0238508246669378,-0.0282505027030629,45191.2573715239,43981.6201617461,0.674762626524234,0.656701213138436,138948.537459183,128114.697298601,93757.2800876594,84133.0771368547,120415.962372712,115586.680606164,148749.037134787,138400.725736644,66973.5631392455
1.42603842527078,1.27008895378354e-05,1.52681188076295,0.154595428951824,-0.100321040869072,47476.8303068074,45163.627219698,0.602997977333317,0.573618240445361,119588.383927878,105922.981477613,72111.5536210705,60759.3542579147,120212.987934006,112278.625920073,133339.049181749,120556.879534515,78734.6427209719
1.48078066681645,1.3241252983623e-05,1.5794010623479,0.178622066364468,0.266639344198958,46652.8264479325,44539.7616763429,0.617741877398133,0.589762252186734,122045.350221433,108570.60793103,75392.523773501,64030.8462546872,119278.822351731,111830.856841713,134803.63433725,122143.766336227,75521.5538315606
1.2303912050593,9.7058574865641e-06,1.3171060133803,-0.0447211627568453,-0.00413179336949782,55655.2412996474,52783.7885152115,0.540181840434714,0.512311928929582,121037.501764315,108232.683238196,65382.2604646675,55448.8947229847,135702.179349283,126767.903481227,141476.231047682,129725.011796792,103030.566993623
1.25365542030082,1.09653941801858e-05,1.31599732773707,-0.084242978188412,0.165506564724565,49230.5632974381,47412.6352288027,0.539832532268998,0.519898234405188,106984.015059093,98755.3861004069,57753.4517616546,51342.7508716041,120013.681780363,114328.349688162,125086.84756201,117526.797229982,91195.9920061034
1.41903521354208,1.21493551429893e-05,1.55485598413167,-0.219306489040804,0.0754475818859122,50283.3591254342,47041.2785050871,0.61091038779737,0.57152119893857,129233.363082558,109786.711474538,78950.0039571239,62745.4329694506,127978.478349848,116799.220768596,143356.590962704,125150.172822191,82308.8952648689
1.33401227443598,1.22954798182957e-05,1.52637769494266,0.234846118779685,0.561889984129192,49032.2122416452,44364.7517595649,0.602874576063541,0.54548590990343,123467.824738137,97609.1890795701,74435.6124964922,53244.4373200052,124141.368820061,108496.154208717,137675.748732107,113583.227828249,81330.7015893756
1.51932912810354,1.21971188198459e-05,1.59974805167446,0.238881600683267,0.197832892405948,51105.4152819587,49263.0636199878,0.623338822531617,0.600867440402618,135680.070947181,123425.319321683,84574.6556652218,74162.2557016957,131157.864025356,124564.591896198,149351.646511234,137811.201799097,81986.5752535677
1.9230441493779,1.73962054758725e-05,2.00216193185299,-0.176613273828572,-0.110565613652961,41503.6509506394,40490.2256127022,0.722006039936212,0.704376284523002,149296.952139234,136965.417498288,107793.301188594,96475.1918855858,115091.876480182,110543.885679268,156595.352328059,144683.315371069,57483.800210738
1.77633459667429,1.62967350859674e-05,1.85177780708631,0.172844332149746,0.0910888108293242,42202.8241418043,41077.061468808,0.687768244918654,0.669421988867163,135165.060744091,124258.299358883,92962.236602287,83181.2378900745,113628.760442993,108999.415361659,143820.83158673,133369.715755066,61361.9841474301
1.73843909409053,1.40959784507643e-05,1.81430803897863,-0.0560966824573492,-0.00606197876902265,48152.417923382,46815.1939979556,0.67875544540019,0.659905965763534,149893.335883523,137653.67599893,101740.917960141,90838.4820009749,128711.039486603,123328.728130701,160160.073985845,148458.407172131,70942.2196900263
1.80144729826104,1.42606777933549e-05,1.91178026024247,0.198671218751308,0.0902347028365902,49212.0761400198,47376.2183006265,0.70179756137487,0.675616984252877,165029.08684085,146050.243079186,115817.01070083,98674.024778559,134059.564906046,126322.698287207,174518.297744028,156287.401925666,70122.8941913249
1.7949277173076,1.49896270069649e-05,1.92538616131057,0.257532227253486,-0.136622340127925,47026.5397941069,44965.5728371378,0.704910290941856,0.674017164983209,159363.537089126,137938.467940564,112336.997295019,92972.8951034264,128447.903367838,119744.655185455,168305.875469337,147720.882968112,66712.8007611764
1.56731082036406,1.29497207888359e-05,1.67463983566145,-0.0287387141003342,0.395162473326157,49686.4837572869,47444.0950542744,0.643426091635896,0.614387784031845,139344.137615788,123035.76777296,89657.6538585007,75591.6727186855,129318.605626244,121030.472079001,151611.433228354,136181.951757447,77221.7421754846
1.66552325203367,1.41472303095992e-05,1.76337874432635,0.371273120169365,0.100699600309712,47089.87875513,45310.9093248909,0.666191359999926,0.641023869756596,141068.483892806,126222.624591133,93978.6051376762,80911.7152662422,124644.803663786,117727.867263431,151656.054304481,137518.66645421,70685.2138627786
1.49826669320504,1.17552426021053e-05,1.56230348421278,-0.258752325968292,0.126534168033868,52146.3026142934,50600.9618187211,0.612992438033818,0.594826582078934,134742.335135173,124887.170728902,82596.0325208795,74286.2089101813,132902.700275448,127455.191178846,149270.402516835,140011.232593654,85068.4272412127
1.37923167680136,1.33588187447038e-05,1.50549729893798,0.0136059771980572,0.226026050326623,44682.6683715691,41879.8553062483,0.596907667805501,0.559465396090593,110849.710606772,95065.9833179884,66167.0422352032,53186.1280117401,112696.88792917,103245.032600519,124098.528036625,109378.047691398,74856.9180487203
1.40046272447466,1.13401214278261e-05,1.4733919467684,-0.0826766873123643,0.226321262763221,51816.8068872455,49904.6624602856,0.587608882103581,0.565924932114315,125649.667605742,114967.815828179,73832.8607184967,65063.1533678931,129927.351849428,123496.272362502,141570.838830314,131613.684269142,88182.4772657392
1.44249418345026,1.18945397333894e-05,1.52133380034844,0.338899288015891,0.123372337630414,50564.2956199653,48637.2245537218,0.601439023342526,0.578517399976028,126867.15102924,115395.569238103,76302.8554092752,66758.3446843811,127901.863749958,121273.644527918,141600.488406024,130865.491538526,84072.1896277228
1.45249832011307,1.14711610500846e-05,1.55122519428691,-0.294695441487574,0.20785907987982,53167.4543907312,50690.2809798471,0.609892431939105,0.581476376793865,136289.215446422,121116.893215083,83121.7610556911,70426.6122352358,135228.263949399,126621.735478325,151281.799933866,137059.816610713,87175.1338538331
1.38109607583561,1.17399744903632e-05,1.48879617393884,0.0100891808921095,-0.397906876352653,50433.6073003234,47703.2806506404,0.592089263162792,0.560035297945154,123638.832582264,108425.245088625,73205.2252819404,60721.9644379842,126814.259703965,117640.466507767,138871.884158487,124692.625536922,85179.0607229048
1.60831551112523,1.33199187087231e-05,1.6689915739849,-0.248983767321134,0.162522361864237,48193.9257671349,46973.0813137041,0.64193917347247,0.625677624596776,134597.035466066,125488.307406428,86403.1096989312,78515.2260927239,125300.432418698,120745.14464356,146567.531896734,137938.816474266,75075.5332572046
1.66286137657079,1.33668174282332e-05,1.74625948399824,-0.0951253812504527,0.0221999247747431,49517.1223464544,47903.7158193749,0.661886333976541,0.640320223491549,146451.11192583,133184.346043569,96933.9895793758,85280.6302241938,130641.380670751,124402.191134781,157785.961169194,145160.689323954,74812.1237810743
1.51069166832578,1.17803460131209e-05,1.57822701703263,-0.143714516047551,0.0695823411381566,52410.7780258446,50796.2993198997,0.617417099961326,0.598397982174478,136991.951340603,126484.173548073,84581.1733147579,75687.8742281735,133971.193653803,128238.310372477,151343.145487162,141459.632908598,84887.1500791403
1.6366279731443,1.28026415990912e-05,1.70323039955411,0.110328291405051,0.11601591584205,50839.7267660437,49468.8009919818,0.650882800781379,0.633331329437108,145623.667008761,134914.174467209,94783.9402427171,85445.3734752277,133037.419377187,127835.178426028,157800.906652333,147633.334116263,78108.8802853771
1.538652075851,1.47165175528424e-05,1.63589623707162,-0.0442059477590078,0.272059797054739,43022.0647301429,41202.1754563242,0.633134970760669,0.606352538318287,117269.462339722,104667.702619758,74247.3976095796,63465.5271634339,111160.553520738,104552.729293882,128339.745593224,116447.071608344,67950.8583745654
1.51880072253076,1.29642474265495e-05,1.62899817710991,-0.033745298432453,0.179569163795395,48693.9271924703,46336.4097640661,0.631280120293572,0.600716681039337,132062.115097347,116048.949614725,83368.1879048767,69712.5398506589,125653.123047766,117153.018803112,144684.872650807,129588.057499892,77135.2140311746
1.80371347423253,1.3673064626515e-05,1.9111427754564,-0.474878703816784,0.39240359796686,51316.3010611009,49452.8258229214,0.70165110080213,0.676171683440591,172000.973353909,152713.099176578,120684.672292808,103260.273353657,139774.280869725,131917.278496201,181902.393277621,163373.818700991,73136.4933404022
1.4575058676644,1.17381542593618e-05,1.5439698083027,-0.0647982633631938,0.0563461830710301,51784.335711632,49663.0016229683,0.607852520801714,0.582951974033336,132053.21583987,119082.212433102,80268.8801282377,69419.210810134,131534.291864609,124168.232539793,146772.020704248,134614.691787175,85192.2694066189
1.55330288627334,1.31726364247793e-05,1.64356160464219,0.00180940447850592,0.116354295461748,48220.2732467975,46344.1914010552,0.635188127783578,0.610475183726485,132178.464899824,118976.222989894,83958.1916530268,72632.0315888389,124770.892602064,117918.906753653,144484.928892242,132015.123160378,75914.947300821
1.62918788799135,1.25403851217696e-05,1.6856190348619,-0.156441812157972,0.0692395045092484,51537.759945716,50343.8465286128,0.646303358032588,0.631331223980067,145711.75926082,136555.764423866,94173.9993151042,86211.9178952528,134415.252681174,129915.299424349,158288.618759306,149603.568785729,79742.3675820005
1.55165665794155,1.16938888485784e-05,1.65568036960979,0.011617969075225,0.251860896857777,54594.064460865,52165.1529690376,0.638416921597478,0.610013500589015,150986.226186419,133761.432890177,96392.1617255545,81596.2799211397,141585.095518593,132689.533655879,164740.130205008,148464.452459638,85514.7515893799
1.35450246655216,1.16539423789849e-05,1.45733597582607,-0.198156589221094,0.160785794454422,50017.5779577726,47353.7431341401,0.582901971456267,0.551857793914519,119918.039728946,105666.778292932,69900.4617711737,58313.0351587923,125050.899380971,116226.974744159,135564.390001789,122316.655757847,85807.8723474094
1.62011200004603,1.38239041988035e-05,1.6890284372262,-0.0731371007074782,0.104598817480702,46816.9726759694,45492.2561255177,0.647193345150604,0.628880590466589,132698.666627914,122581.182651462,85881.6939519442,77088.9265259441,122181.723262549,117196.414033761,144082.266881257,134487.061454979,72338.4642731068
