"lnalpha","lnalpha.c","beta","beta1","alpha","alpha.c","Smsy_lambert","Smsy_lambert.c","Umsy_lambert","Umsy_lambert.c","Smax","Rmsy.c","Rmsy","Seq","MSY","MSY.c","Rmax.c","Rmax"
1.43948823072707,1.51242570644102,0.125784361363193,1.25784361363193e-05,4.21853634718931,4.53772464289276,45921.8807655592,47612.8042929677,0.577625444469257,0.598894618070166,79501.1390257467,118703.977652677,108723.123029642,114440.953956959,62801.2422640825,71091.1733597098,132714.082078708,123378.83478888
1.54759786561031,1.61244422871611,0.134725241889438,1.34725241889438e-05,4.70016618034099,5.01505419891348,45193.7236289539,46524.3869912009,0.608873534779524,0.626800929114738,74225.1404395804,124663.72673662,115547.598149561,114870.66891892,70353.8745206074,78139.3397454192,136940.584426994,128342.28267749
1.57625180181552,1.66672460267071,0.137730937381718,1.37730937381718e-05,4.83679253572283,5.29479680095286,44788.0668999502,46564.7818708685,0.616870243764524,0.641341105604995,72605.3288397017,129830.272157101,116900.517829847,114444.280404988,72112.4509298968,83265.4902862326,141424.063850845,129190.766354292
1.75504185308421,1.8812240596387,0.142652055177653,1.42652055177653e-05,5.78368980214761,6.56153165461909,46553.8345700623,48699.9569147237,0.664100017781987,0.694714894094851,70100.6374394424,159522.872137282,138594.334726243,123029.552634104,92040.5001561804,110822.915222558,169212.605827787,149153.166400111
1.68207090396794,1.73603688466937,0.139738220053142,1.39738220053142e-05,5.3766790356968,5.6748088766067,46184.601262212,47180.7867666299,0.645375397424559,0.659295916347569,71562.3828341097,138480.250253652,130235.186523436,120373.00198387,84050.5852612243,91299.4634870224,149396.887801125,141548.2234036
1.61573225026419,1.72251524880733,0.135549426419476,1.35549426419476e-05,5.03157094401083,5.59859262284967,46307.3702152207,48384.3301305458,0.627693747166748,0.655846819688604,73773.8274823359,140589.519140189,124379.781061482,119198.752288637,78072.4108462615,92205.189009643,151945.100753637,136556.203592405
1.65854339828308,1.74910268715836,0.143363857045167,1.43363857045167e-05,5.25165569984295,5.74944131315094,44584.2247783151,46218.3562870667,0.639176642758797,0.662604182360162,69752.5876194129,136985.563752316,123562.468680517,115687.69370934,78978.2439022017,90767.207465249,147533.785775839,134760.33666382
1.7545781698311,1.81527810369992,0.153619699490473,1.53619699490473e-05,5.78100862370198,6.14278427095395,43222.5434545573,44199.4901415951,0.663983413670298,0.678991239318395,65095.818004905,137689.357909564,128632.172377786,114215.701218705,85409.6289232283,93489.8677679688,147103.792829345,138440.201936905
1.84382042817555,1.92460068564265,0.157055044249752,1.57055044249752e-05,6.32063974288289,6.85241185307583,43670.7076945922,44871.6104365321,0.685870492939217,0.70473127626672,63671.9441121407,151968.721472394,139021.348561637,117399.631255617,95350.6408670444,107097.111035862,160508.148924996,148052.132140381
2.02036277762208,2.13916050262192,0.173776868662396,1.73776868662396e-05,7.54106016536625,8.49230536745777,41774.439679998,43191.7497704661,0.725943131771618,0.750572702716135,57545.0580792054,173163.684331274,152429.822138906,116261.893379327,110655.382458908,129971.934560808,179779.079740873,159641.557638188
1.57652337277529,1.6370145015106,0.136043078930366,1.36043078930366e-05,4.83810624648872,5.13980171312849,45349.2723763827,46561.3559200777,0.61694546413349,0.633435021854,73506.1281957498,127020.743104195,118388.553404799,115884.129142816,73039.2810284162,80459.3871841168,138987.399934219,130829.13414488
1.47170079567029,1.55130301778961,0.116553043980274,1.16553043980274e-05,4.35663859545663,4.71761331348913,50373.1922438737,52329.3300950803,0.587114889102701,0.609914271203017,85797.8449854338,134148.281344367,122002.92748363,126268.756731859,71629.7352397562,81818.9512492872,148903.271005351,137509.730947377
1.6334326763562,1.74292020577602,0.138897277234218,1.38897277234218e-05,5.12142477320381,5.71400515384427,45535.3287301562,47592.1338131142,0.632473317858376,0.661041780440813,71995.651744399,140407.079890281,123896.660957556,117600.050114862,78361.3322273999,92814.9460771669,151339.541328973,135644.623212502
1.52807331305608,1.60789798597975,0.127423598218223,1.27423598218223e-05,4.60928760742849,4.99230629312004,47350.4394435842,49093.2527412862,0.603356337111557,0.625563891253132,78478.399133528,131112.495815608,119377.778782014,119920.747367308,72027.3393384296,82019.2430743218,144130.826232391,133072.850942044
1.74391490506209,1.86316823410285,0.136926742544183,1.36926742544183e-05,5.71969169842345,6.44412094720566,48295.4247745758,50426.1992999403,0.66129351941703,0.690469520902459,73031.7527036271,162911.902721055,142587.83797538,127361.162082664,94292.4132008045,112485.703421115,173133.426593731,153670.272628445
1.43101793392499,1.50324066878521,0.110151086669988,1.10151086669988e-05,4.18295499728986,4.49623629885686,52210.5535425531,54131.0131638363,0.575104920835382,0.596258992254399,90784.3971613275,134073.606904812,122878.696654251,129914.100458428,70668.1431116979,79942.5937409757,150164.010814874,139701.131724519
1.3896334179799,1.47914953376224,0.11182578698473,1.1182578698473e-05,4.01337855088096,4.38921121717558,50313.8346673445,52696.9295146384,0.562638415789538,0.589287561465328,89424.8121979729,128306.144568324,115039.446727294,124267.70742688,64725.6120599498,75609.2150536852,144394.295206567,132030.321298714
1.4478155771474,1.50389762999636,0.118865891703566,1.18865891703566e-05,4.25381223415522,4.49919112219726,48802.3230394715,50178.2223644428,0.580093164529228,0.596447914544933,84128.4228526927,124341.377911253,116221.78758952,121802.441086972,67419.4645500481,74163.1555468102,139245.993281669,131651.733320763
1.67336502041977,1.74887129559287,0.144658399942453,1.44658399942453e-05,5.33007345985617,5.74811109483136,44455.8278045313,45800.7142204467,0.64309089183207,0.662545803535136,69128.3741834429,135724.239616073,124557.840601855,115677.003277062,80102.0127973238,89923.5253956265,146179.682493319,135548.605998315
1.44416643166258,1.5295034748875,0.116763760665628,1.16763760665628e-05,4.23831774246892,4.61588435071551,49588.4192498808,51708.0254634116,0.579013031707988,0.603762350970197,85643.010665241,130497.507215732,117790.865240001,123682.761109261,68202.44599012,78789.4817523208,145429.450522409,133533.722596643
1.58046451731183,1.63684422892599,0.132846501453268,1.32846501453268e-05,4.85721154613334,5.13892662031069,46522.55672075,47678.2857828585,0.618035889901285,0.633389346154183,75274.8464626881,130051.555465462,121798.24096229,118969.223880375,75275.6842415399,82373.2696826035,142307.507734103,134506.234616317
1.58850865575611,1.66350811673044,0.138239214546175,1.38239214546175e-05,4.89644120111179,5.27779352154995,44868.2053316975,46332.0975598292,0.620254546315035,0.640491277494753,72338.3739760746,128876.143079263,118153.370623154,114910.133204317,73285.1652914567,82544.0455194338,140451.588769518,130303.116862123
1.54151242272215,1.61883949329799,0.124513447784076,1.24513447784076e-05,4.67165044093842,5.04722957275965,48762.5941880627,50479.3704656845,0.607159872525144,0.628536045865205,80312.6102277835,135893.052081621,124128.343256339,123802.88636737,75365.7490682759,85413.6816159362,149122.205491466,138025.585520774
1.60412927640094,1.69062618091952,0.144539147371264,1.44539147371264e-05,4.97352714936921,5.42287534326034,43208.7896545017,44805.1521212988,0.624536161560596,0.64760984854523,69185.4088104862,127146.43680117,115081.094983999,110982.339772669,71872.3053294968,82341.2846798715,138022.424173898,126585.663582287
1.66994618964349,1.74197110629213,0.139779642423247,1.39779642423247e-05,5.31188195522886,5.70858456724668,45943.0849378725,47274.5129533193,0.642190798443669,0.660801451634814,71541.1760012977,139371.212468819,128401.071683003,119469.914265981,82457.9867451306,92096.6995154998,150241.541906345,139800.913164538
1.57053219088391,1.65725635869807,0.135472254171349,1.35472254171349e-05,4.80920692893345,5.24490095881238,45417.6786742997,47156.1699874756,0.615283530923738,0.638835264629062,73815.8530037579,130566.927967215,118054.937401956,115930.173339957,72637.2587276564,83410.7579797394,142427.041280865,130595.624049787
1.7816117982425,1.88016171469939,0.15599252513362,1.5599252513362e-05,5.93942185745287,6.55456474595697,42997.6461635971,44519.2069752674,0.670731139986143,0.694466351301824,64105.6357760361,145709.669507616,130585.218905267,114211.357032423,87587.5727416695,101190.462532349,154577.253865159,140070.249643667
1.60217773753441,1.70093569104226,0.137355152659839,1.37355152659839e-05,4.96383058252444,5.47907171228401,45429.9062106381,47343.5908045589,0.624003170288437,0.650288614242515,72803.9669888836,135379.03749405,120825.237397583,116644.895113779,75395.3311869446,88035.4466894916,146746.430739663,132946.684955542
1.36677816396334,1.42079596417396,0.108758364943879,1.08758364943879e-05,3.92269204378299,4.14041475080786,51089.9107729734,52598.1717956668,0.555645516079725,0.572049116353397,91946.9505187961,122907.029300825,114975.571580234,125671.084212109,63885.6608072605,70308.8575051578,140051.155194469,132686.599113475
1.69309119956364,1.76436036066128,0.141901938338734,1.41901938338734e-05,5.43625932118667,5.83783705335706,45683.0772954753,46964.612778806,0.648251721750615,0.666436958664063,70471.2008663971,140796.811873133,129874.345150558,119314.170009578,84191.2678550831,93832.1990943269,151345.376813131,140934.511857567
1.51932632757476,1.59266387670297,0.124888271182858,1.24888271182858e-05,4.56914605039011,4.91682932540141,48112.3355940605,49756.2283721505,0.600866641491169,0.621396934197733,80071.5704147933,131420.563821152,120542.005744168,121654.845021452,72429.6701501073,81664.3354490012,144833.490561787,134591.893996763
1.51797988136645,1.62963555715035,0.129694405431895,1.29694405431895e-05,4.56299808089928,5.10201498679361,46299.7925154809,48687.6664411535,0.600482406191541,0.631451795095183,77104.3281836176,132106.64383436,115889.245512623,117042.818949008,69589.4529971423,83418.9773932068,144719.150833038,129429.883924258
1.75909236667444,1.85652232414471,0.145935133039349,1.45935133039349e-05,5.8071642259344,6.40143589724024,45576.2305813136,47205.603190419,0.665117327331606,0.688895598179653,68523.5953243942,151735.568234353,136096.114553063,120539.33347223,90519.8839717495,104529.965043934,161370.097215492,146389.446169313
1.69596537769897,1.78493353136269,0.146634653230637,1.46634653230637e-05,5.45190657459072,5.95918383558921,44259.595544141,45797.7134078202,0.648999044474334,0.67155318243118,68196.7037100797,139437.226844873,126095.370532131,115659.24836549,81835.7749879904,93639.5134370528,149504.988825958,136778.333074157
1.72220698153252,1.80789365237997,0.159394450422023,1.59394450422023e-05,5.59686702594525,6.09759025142415,41141.1992912762,42485.3561050033,0.65576788507359,0.677192998734094,62737.4414449396,131612.251092431,119515.865915275,108046.859659963,78374.6666239985,89126.8949874281,140731.254334587,129174.654974759
1.39302940091147,1.47637304698134,0.110487156890674,1.10487156890674e-05,4.02703108470271,4.37704153255462,51016.8706454327,53262.1774718433,0.563670899107313,0.588478655867046,90508.2570809106,129427.496850893,116922.915618182,126080.663138962,65906.044972749,76165.3193790501,145738.530911216,134084.538575498
1.40359983121847,1.48791795309748,0.104140714965418,1.04140714965418e-05,4.0698243090715,4.42786688857659,54433.4430363231,56830.295633081,0.566873767583202,0.59183476189251,96023.9230479716,139233.551334704,125675.701359833,134779.162183068,71242.2583235097,82403.2557016232,156415.403628832,143767.468178451
1.29385083970799,1.40621950319944,0.115386039373041,1.15386039373041e-05,3.64680280431508,4.08049989093755,46176.8925416308,49197.0255249939,0.532816874093331,0.567664992426346,86665.5971063375,113793.758689811,98841.0967369908,112132.355589829,52664.20419536,64596.7331648169,130096.50281219,116269.15916375
1.80750759931803,1.89999185010719,0.133163440486189,1.33163440486189e-05,6.09523671236182,6.68583995317826,50847.1977471867,52497.9103382063,0.677098779109699,0.699080235897105,75095.6866500991,174458.166597045,157469.821907118,135736.02429606,106622.624159932,121960.256258838,184704.07919447,168387.980016473
1.83427474623054,1.92044362393948,0.156215747834853,1.56215747834853e-05,6.26059198059074,6.82398508104702,43758.8650325271,45051.9534785656,0.683582382546063,0.703782460407515,64014.0327630202,152090.769306047,138294.654338889,117419.323701582,94535.789306362,107038.815827482,160701.072265247,147433.476531249
1.72931397592298,1.80520108000387,0.144398720286281,1.44398720286281e-05,5.63678561106127,6.08119413212725,45539.4806403675,46851.8985776244,0.657584272697095,0.67653541975916,69252.6912993014,144843.984286441,132994.710841896,119759.646934162,87455.2302015286,97992.0857088163,154928.402034777,143606.365519671
1.51746113642787,1.60118896386567,0.127139651017572,1.27139651017572e-05,4.56063166257686,4.95892490325129,47218.495304742,49058.8819652616,0.600334301461976,0.623732913237562,78653.6687804649,130383.133925917,118144.978359332,119353.885611825,70926.4830545896,81324.2519606552,143486.827879298,131962.185989143
1.79122105156829,1.90386215588674,0.158033352204828,1.58033352204828e-05,5.9967703635661,6.71176633734423,42592.588154345,44292.8315537885,0.673104948511079,0.699974464908898,63277.781939593,147630.206010095,130294.380292228,113344.495106747,87701.7921378832,103337.374456307,156240.490694347,139596.388952304
1.74154977717562,1.81255572397013,0.152358875180308,1.52358875180308e-05,5.70617988097218,6.126084022094,43364.3738892202,44521.8026609823,0.66069472286599,0.678329177442691,65634.5092346315,138407.96099264,127803.417192634,114305.764932604,84439.0433034139,93886.1583316574,147917.892144462,137779.06035021
1.62240142596939,1.69284745290812,0.151112121671425,1.51112121671425e-05,5.06523952074438,5.43493441263615,41657.8023433189,42894.5264784583,0.629499889626778,0.648188290425096,66176.0280339639,121924.669677106,112436.679981971,107364.082247293,70778.8776386522,79030.1431986482,132312.392441387,123312.244158856
1.49596887526603,1.58625770962948,0.123360846641632,1.23360846641632e-05,4.4636591874455,4.88543197099624,48164.6851924141,50229.442490126,0.594163634356387,0.619634655191911,81062.9974764228,132055.780516674,118680.062384331,121267.721160497,70515.3771919168,81826.338026548,145690.47086652,133112.611672288
1.26989001337242,1.3568498668328,0.0975929311870456,9.75929311870456e-06,3.560460937728,3.88393908538975,53809.711960468,56621.2949371516,0.52514475165527,0.552583814052285,102466.437664774,126551.735756311,113318.136733331,130121.105896344,59508.4247728629,69930.440819159,146406.232797603,134212.628327941
1.48036329948133,1.54327235830133,0.125735616989162,1.25735616989162e-05,4.39454192574605,4.67987948393165,46895.2904141685,48328.0743029906,0.589640827411139,0.607656024038456,79531.9595151945,123177.816569121,114278.645505392,117736.194002129,67383.3550912237,74849.7422661302,136924.722725692,128576.26713577
1.32313248702805,1.4170808952279,0.106213240587734,1.06213240587734e-05,3.75516598147221,4.12506136165158,51036.7061040466,53753.6288566929,0.542077394423458,0.570934711421969,94150.2202989449,125280.767956873,111452.689783221,124573.215138382,60415.9836791744,71527.1391001797,142875.338340589,130063.667686413
1.47543243361885,1.55675926548181,0.126752864486759,1.26752864486759e-05,4.37292636449537,4.74342413131748,46405.6069124981,48239.0077858127,0.588204360440567,0.611443241685083,78893.6805530312,124149.192501539,112690.865212041,116402.295095507,66285.2582995425,75910.1847157266,137670.120966023,126917.029746691
1.88418064065165,1.97360700147716,0.161039151296039,1.61039151296039e-05,6.58096006120144,7.19658783206668,43182.4053468064,44445.1068752616,0.695405790797124,0.715740229045389,62096.7008303275,156353.840453767,141770.276788304,117001.401552841,98587.8714414979,111908.733578505,164399.569216247,150336.107102044
1.29931452110697,1.36584991211071,0.112391739956491,1.12391739956491e-05,3.66678230407134,3.91905248709997,47561.7177863568,49412.872941603,0.534554421732822,0.555359876615577,88974.5100829581,111130.036051385,102185.346702456,115605.872959166,54623.6289160993,61717.1631097817,128278.006856555,120020.726206507
1.62502714368926,1.71208829823959,0.134989477309048,1.34989477309048e-05,5.07855688607923,5.54051966241252,46685.8040285186,48386.6918837135,0.630209228356238,0.653169424609644,74079.8482914765,139511.033100973,126249.240404229,120381.764274032,79563.4363757103,91124.3412172595,150992.752756669,138403.133818415
1.41683089823317,1.47273406592889,0.106442913808493,1.06442913808493e-05,4.12403023760241,4.36114250702302,53630.5919133523,55186.0843360491,0.570859647253139,0.587416761841027,93947.0711783742,133757.456028268,124972.148552498,133107.113244032,71341.5566391462,78571.3716922185,150726.301164507,142531.417536435
1.67622761723472,1.7499169224767,0.147384602044195,1.47384602044195e-05,5.34535317055733,5.75412461772608,43684.5674012149,44971.4244391656,0.643843258190087,0.6628095494327,67849.692988969,133370.990677536,122655.455514387,113731.529209007,78970.8881131722,88399.5662383708,143625.868607709,133422.725981848
1.51365602934761,1.638175859171,0.141557999649067,1.41557999649067e-05,4.54331094523788,5.1457743287211,42332.2400244553,44769.3840754957,0.599246721852605,0.633746445524795,70642.4223625,122236.039837605,105631.67498005,106928.328536718,63299.4349555949,77466.6557621097,133727.842236908,118071.087168914
1.35954271045898,1.44790599162888,0.109056149844998,1.09056149844998e-05,3.89441202066018,4.25419685777021,50745.939113166,53194.6068963475,0.553415673995056,0.580119902063382,91695.8833978008,126689.993542817,113631.258775088,124664.469852577,62885.319661922,73495.3866464695,143506.951684449,131370.318857587
1.44968939845974,1.53483085141082,0.118528044784374,1.18528044784374e-05,4.2617905908512,4.64054052268193,48988.1572197758,51065.7322067336,0.580647049284952,0.605272139394656,84368.218662444,129369.465151055,116818.439303324,122307.712161878,67830.2820835486,78303.7329443214,144030.002125094,132274.61431632
1.53722706288344,1.58830108604112,0.121538857233153,1.21538857233153e-05,4.65167357236526,4.89542495368192,49856.4736854054,51028.7350227445,0.605949883739893,0.620197414071773,82278.2131381785,134355.944149331,126523.179738122,126480.2959217,76666.7060527166,83327.2091265868,148176.989421782,140799.009738172
1.30323848336516,1.38065629996063,0.109153722122635,1.09153722122635e-05,3.68119888600497,3.97751121151765,49086.6987285595,51294.7157762622,0.53579958729347,0.559900915220168,91613.9166446829,116552.652687118,105744.625349121,119394.781783159,56657.9266205618,65257.9369108556,134053.568975164,124066.991275198
1.32233885728246,1.43308177826975,0.1008349371137,1.008349371137e-05,3.7521869523291,4.19159687998829,53734.1610177796,57095.2935972984,0.541828074708522,0.575720033937179,99171.9763629564,134569.855199914,117279.470983726,131138.957898235,63545.3099659459,77474.561602616,152923.417415069,136892.279472257
1.56505183032114,1.65499328056204,0.142479105232734,1.42479105232734e-05,4.78292282989729,5.23304475894033,43077.1053896913,44794.9489036428,0.613758743193942,0.638234423873708,70185.7299262609,123823.138130768,111529.011027741,109844.30508352,68451.9056380495,79028.1892271255,135116.624883311,123494.527492618
1.29261804822151,1.36533377919039,0.105146594979194,1.05146594979194e-05,3.64230982688622,3.91703025700958,50636.372397994,52802.5656515342,0.532424213974754,0.55520099844242,95105.3146512135,118711.070543397,108295.540341048,122934.846199944,57659.1679430535,65908.5048918623,137046.273565535,127434.550206147
1.60800190752607,1.72230807340977,0.137798548379958,1.37798548379958e-05,4.99282512826829,5.59743285233935,45399.041503786,47590.7605525694,0.625592201706316,0.655793772044222,72569.70496109,138262.345905849,121255.598068968,116692.224006037,75856.5565651816,90671.5853532798,149434.119148731,133292.965684189
1.49781957266084,1.56685155226677,0.123921669163727,1.23921669163727e-05,4.47192771878971,4.79153851166873,47989.8025049757,49568.405573659,0.594697642925419,0.614259955647241,80696.1370637113,128502.099533977,118404.943043904,120868.253532149,70415.1405389279,78933.6939603183,142243.767528278,132755.657767478
1.60272014929556,1.68819488101502,0.138125429849182,1.38125429849182e-05,4.96652375295037,5.40970672187699,45187.2885390491,46839.7389362767,0.624151365317515,0.646975907459667,72397.9647405908,132681.422956778,120227.358487608,116033.676857734,75040.0699485588,85841.6840205015,144080.629317752,132277.016968929
1.60434257314442,1.7235437560191,0.141847876723715,1.41847876723715e-05,4.97458809965834,5.60435377792491,44032.6917015396,46254.4872699541,0.624594382429332,0.656110080818708,70498.0591248298,134503.760331426,117293.640906294,113103.037578017,73260.9492047546,88249.2730614722,145347.719230639,129014.880760246
1.81897671223737,1.88314234252514,0.159493063450019,1.59493063450019e-05,6.16554609288873,6.57413060881657,42628.1271696994,43585.8012824948,0.679889059143236,0.695163296946887,62698.6514879609,142980.818405258,133166.729808131,114047.386945288,90538.602638432,99395.0171227633,151635.904549379,142211.680063407
2.00979765159542,2.09477276240291,0.18681313969548,1.8681313969548e-05,7.46180730974311,8.12359477430176,38737.2703635144,39696.6111761256,0.72366310998408,0.741584856908272,53529.4252658071,153615.653870698,140181.321289687,107583.313190472,101444.050926172,113919.042694572,159972.875074252,146940.70811678
1.80100907671622,1.88239684893976,0.154387543511098,1.54387543511098e-05,6.05575510383073,6.56923146298609,43754.1540758648,45015.8788959758,0.675509636617889,0.694989096174279,64772.0649773868,147587.769261184,134839.610088331,116655.076941926,91085.4560124664,102571.890365208,156533.690773793,144298.416362082
1.63171766509779,1.6984641999475,0.135172796165105,1.35172796165105e-05,5.11264899948504,5.46554695538205,46755.8717641675,48060.544188751,0.632012192349962,0.649647814321008,73979.3825658945,137177.806085635,127058.208973687,120713.465385798,80302.3372095195,89117.2618968836,148747.559914817,139143.267742938
1.42805427225041,1.52259862412651,0.121319804895236,1.21319804895236e-05,4.17057648579829,4.58412214099651,47331.1451769035,49604.3787710163,0.574220529833004,0.601799355444909,82426.7728474781,124571.317121898,111163.521243379,117709.905112655,63832.3760664753,74966.9383508815,139004.863463776,126464.870948575
1.64280638835625,1.71232608749292,0.154076362669427,1.54076362669427e-05,5.16965723951432,5.54183729509935,41212.4356936002,42396.552192888,0.634986218841759,0.653230655160471,64902.8820952578,122261.53442862,112906.519756123,106622.869328822,71694.0840625232,79864.9822357319,132319.323474576,123432.990198554
1.77452721877493,1.84344550109879,0.155638017340335,1.55638017340335e-05,5.8974922534928,6.31827040809251,42982.6037104358,44062.5544043714,0.668972722161755,0.6857808606447,64251.6537468665,140228.741300663,129846.108124778,114016.308425117,86863.5044143423,96166.1868962919,149344.088714291,139398.213341643
1.79655757769112,1.88637912790604,0.167900666500607,1.67900666500607e-05,6.02885782690679,6.59544413370812,40167.6587812696,41448.2427327755,0.674417668114412,0.695918758011195,59559.025037961,136306.476722104,123371.739948668,107001.217751844,83204.0811673981,94858.2339893286,144509.74810021,132095.535681303
1.79119945376452,1.87988066095409,0.158096825456329,1.58096825456329e-05,5.99664084789511,6.55272281983856,42575.1513783634,43922.4866755251,0.67309962762419,0.694400570954843,63252.3769603603,143725.683037958,130238.919793638,113297.623060705,87663.7684152744,99803.1963624327,152476.939505623,139537.3295866
1.58030273318827,1.6731543997875,0.14134556204008,1.4134556204008e-05,4.85642578998355,5.32895095462955,43722.0074841207,45493.8577225004,0.617991172136363,0.643035488915826,70748.5955389557,127446.444421957,114452.872015114,111804.198899443,70730.8645309937,81952.586699457,138696.360248173,126397.969623066
1.85743423421589,1.92798443319557,0.158241791132159,1.58241791132159e-05,6.40727609356715,6.8756379583927,43548.0360617973,44583.7885644919,0.689111922670665,0.705501855790265,63194.4313095414,151389.03059688,140076.250063669,117379.500126147,96528.2140018721,106805.242032388,159844.364231076,148955.91941095
1.84806470635523,1.90890992088893,0.160070199294943,1.60070199294943e-05,6.34752330653006,6.74573140829403,42911.410233708,43801.8865547505,0.68688379881367,0.701137671031339,62472.5904262426,146562.086650083,137046.27889303,115453.389481324,94134.8686593225,102760.200095332,155032.973764421,145881.203191752
1.54131161405363,1.6152386745644,0.129175599825096,1.29175599825096e-05,4.67071242721739,5.0290880956483,46998.2902215867,48581.9166728681,0.607103233012741,0.627559822687058,77414.0008913449,130442.201545961,119619.946435219,119319.098664188,72621.6562136327,81860.2848730925,143223.497373659,133017.309764675
1.40905511120564,1.49467256276578,0.130673350354281,1.30673350354281e-05,4.09208700959677,4.45787663904862,43506.981139484,45440.7337810129,0.568520298929689,0.593789292572191,76526.6978529903,111864.933518742,100832.046169408,107830.334753445,57325.0650299242,66424.199737729,125500.81270115,115202.884003047
1.70418690801728,1.77021339025018,0.151956760656938,1.51956760656938e-05,5.49691435267296,5.87210627792547,42849.7062572785,43953.1983323968,0.651130255795738,0.667898563910297,65808.1940992166,132348.715048991,122824.369178286,112149.462824145,79974.6629210077,88395.516716594,142160.649298094,133077.447261066
1.73077024464443,1.78410291434586,0.149383568996259,1.49383568996259e-05,5.64500026555661,5.95423609121373,44044.7087816216,44941.2057726806,0.65795557931995,0.67134777133183,66941.7665355849,136743.955623853,128768.97303003,115860.817643724,84724.2642484083,91802.7498511723,146631.993100486,139016.597143801
1.66320419211742,1.74441871561266,0.141030461290101,1.41030461290101e-05,5.27618971392693,5.72257406546963,45409.4027028659,46899.1567275915,0.640410901009314,0.661420970740897,70906.6673151547,138517.606451347,126281.366232523,117932.26632764,80871.9635296576,91618.4497237554,149273.946210578,137629.963464509
1.77719968661211,1.85665681682803,0.164167471420104,1.64167471420104e-05,5.91327419082725,6.40229690142925,40789.8629064105,41964.9217938813,0.669636865291812,0.688927509924392,60913.4069831045,134903.995476043,123469.778013944,108255.287800849,82679.9151075332,92939.0736821619,143467.727555132,132509.320268951
1.8634427170449,1.93891182394277,0.170177370356237,1.70177370356237e-05,6.44588999125726,6.95118274297169,40577.3337029844,41602.4607674015,0.690534394564137,0.707979737374488,58762.2195540262,142464.294749137,131120.657644114,109500.030065343,90543.3239411299,100861.833981736,150266.584658815,139343.462816025
1.87298143629105,1.95182643943169,0.170264967150589,1.70264967150589e-05,6.5076697074299,7.04153678331281,40688.4882437942,41751.8301101786,0.692782411423676,0.710887398218654,58731.9879558993,144413.733102354,132441.923108467,110003.923157869,91753.4348646729,102661.902992176,152141.492180372,140606.604832587
1.9162931396844,1.98108870989261,0.171338482234547,1.71338482234547e-05,6.79572093393438,7.25063252502935,41020.1369689291,41869.8985448464,0.702832800930955,0.717392486798845,58364.0048025574,148155.645511958,138037.229874076,111842.542007648,97017.0929051471,106285.746967112,155677.732559572,145910.363330438
1.7585624300668,1.82431232692206,0.151234531442647,1.51234531442647e-05,5.80408761230161,6.19853099025919,43970.4051555771,45041.3602480153,0.664984362104704,0.681180901264805,66122.4649199402,141275.602455127,131248.814030942,116280.482591617,87278.4088753647,96234.2422071114,150779.857948328,141184.985132403
1.71472746831309,1.77899274133023,0.148087032487547,1.48087032487547e-05,5.55516134854862,5.92388652642062,44152.9922043023,45249.1950026308,0.653848559098092,0.670081901038993,67527.8573148594,137152.812001317,127553.974899715,115791.871814117,83400.982695413,91903.6169986858,147161.843160435,138001.931579871
1.96108557454552,2.03703094913843,0.177537287045763,1.77537287045763e-05,7.10703809860246,7.66780925285971,40158.222515849,41090.5327149452,0.71295818780439,0.729510170147654,56326.1958453964,151911.562580284,139903.738095419,110460.490141433,99745.5155795699,110821.029865339,158886.588270561,147266.709298317
1.60732238884538,1.6878439924475,0.148631605791512,1.48631605791512e-05,4.98943356277077,5.40780885062478,42077.6627381291,43522.664186999,0.625407058072179,0.646884346643839,67280.4411063631,123253.284790241,112329.032473433,108141.35932165,70251.3697353041,79730.6206032419,133849.169383288,123493.924529676
1.5723230630682,1.62349705231859,0.129988678996336,1.29988678996336e-05,4.81782732055678,5.07079217188836,47371.8836326098,48450.0649613128,0.615780857497109,0.629795994160771,76929.7763252282,130873.961915889,123293.918475843,120958.461552834,75922.0348432331,82423.8969545761,143507.896602549,136348.767910542
1.58739568534014,1.71844021124167,0.128067790831596,1.28067790831596e-05,4.89099463840521,5.57582456944025,48407.8105366692,51129.3493419926,0.619948135442568,0.654802281688591,78083.6456619261,148116.127742965,127371.590698653,123949.64221937,78963.7801619839,96986.7784009719,160167.612274422,140495.620535458
1.36100808860445,1.43555195579139,0.104225253644928,1.04225253644928e-05,3.90012299026777,4.20196366701184,53141.4299817791,55308.6137059108,0.553867901890512,0.576455429224791,95946.0365917432,130585.108444856,119115.908061691,130583.331870901,65974.478079912,75276.4947389455,148314.922879369,137660.98099867
1.31647959654731,1.39717431203404,0.110238646671034,1.10238646671034e-05,3.73026619308365,4.04375741125822,48983.2301990584,51245.982738951,0.539984500671993,0.564928778446914,90712.2892195986,117787.571781964,106481.69522682,119420.8779137,57498.465027762,66541.5890430132,134944.981783546,124483.407949248
1.44681984717214,1.51621326365972,0.108437408696345,1.08437408696345e-05,4.24957869388583,4.55494412391993,53468.5062201906,55329.4174953162,0.579798626138189,0.599977865787031,92219.0978207786,138315.889954877,127244.958122803,133424.421015412,73776.4519026128,82986.4724595612,154528.803207309,144169.125204619
1.37265292383376,1.45356791822948,0.121431589271758,1.21431589271758e-05,3.94580474188784,4.27835212627246,45906.5338735882,47911.0808365874,0.557450336622762,0.581791868971449,82350.8945239979,114562.767392288,103731.937164432,113039.196148691,57825.4032908439,66651.6865557006,129613.537860022,119538.947988958
1.88433275246178,1.9569607684501,0.176467543651125,1.76467543651125e-05,6.58196117908775,7.07778332115358,39409.0204692324,40349.465665318,0.695441303990235,0.712037109359406,56667.6443333395,140120.366119251,129397.127665561,106780.698222167,89988.1071963288,99770.9004539333,147549.567418821,137213.231978905
1.55530826482086,1.61759326415632,0.12364015793355,1.2364015793355e-05,4.73654641076299,5.04094348594722,49420.5983566471,50808.6046393958,0.611037058598639,0.628198390199818,80879.8708051997,136655.149682386,127057.344277051,125793.131520971,77636.7459204037,85846.54504299,149988.442556322,140931.399295897
1.5935578029766,1.66522807847972,0.138693780362584,1.38693780362584e-05,4.92122657343325,5.28687893557014,44821.2149142703,46213.0234819534,0.621642373690401,0.6409458928697,72101.2865454903,128707.686569319,118462.565037858,114897.567779218,73641.3501235873,82494.6630873659,140232.248574811,130533.472876703
1.67105862519494,1.73167967136174,0.145384793617085,1.45384793617085e-05,5.31779436954116,5.65013631469351,44191.9572523974,45272.0871532366,0.642483858467485,0.658187304738799,68782.9844594203,132447.061741347,123608.285385286,114940.399447564,79416.3281328884,87174.9745881106,142970.178536447,134560.649175179
1.52780034049236,1.58910869105059,0.121203829361068,1.21203829361068e-05,4.60802957008601,4.89938012028921,49773.90658962,51188.1242080212,0.603278808092204,0.620419667182215,82505.6440272184,134854.521645076,125463.190787116,126052.151037326,75689.2841974963,83666.397437055,148706.623399591,139863.513560673
1.56152204895409,1.64998973780964,0.141609295350399,1.41609295350399e-05,4.76606991905562,5.20692639243585,43272.1844644729,44976.100709801,0.612774355028647,0.636903392912348,70616.8332753578,123868.138208584,111749.273392454,110269.742186786,68477.0889279806,78892.0374987826,135268.039201125,123815.25761199
1.74388322004545,1.80523357746196,0.150745473659232,1.50745473659232e-05,5.71951047276788,6.08139175868981,43867.6854873,44879.845867554,0.661285502711725,0.676543362305776,66336.9835077471,138750.733908205,129512.276086502,115683.952407592,85644.5905992025,93870.8880406511,148410.360021076,139579.004624209
1.75515791652302,1.83666642193292,0.155948836421782,1.55948836421782e-05,5.78436111603181,6.27558320624238,42586.3517275631,43870.59699262,0.664129199936221,0.684156855412801,64123.5948240988,138899.950005114,126793.849657298,112547.035091432,84207.4979297348,95029.3530124942,148039.452932711,136451.645534842
1.71247010827066,1.80558024722433,0.139205245772026,1.39205245772026e-05,5.5426354922938,6.08350035879855,46928.3849810763,48606.5074102119,0.6532677364975,0.676628081015837,71836.3732957075,150311.466632303,135344.731139327,123017.641955472,88416.346158251,101704.959222091,160769.42359099,146475.920229422
1.50469823349273,1.57822379816853,0.133064373043383,1.33064373043383e-05,4.50279463263956,4.84634008373444,44841.308400762,46399.8134983788,0.596678058879236,0.617416209249167,75151.5959628031,121280.134234955,111179.937982435,113080.473689389,66338.6295816734,74880.3207365758,133985.441854502,124487.534512724
1.50369309750318,1.58791471886765,0.133846078060766,1.33846078060766e-05,4.49827098552186,4.89353388752613,44557.8318426551,46328.6680761189,0.59638910390305,0.620091052376752,74712.6859814301,121946.767418762,110397.990424798,112344.950206199,65840.1585821425,75618.0993426433,134500.056929522,123636.152838203
1.80042564933586,1.87372449900016,0.161111624520741,1.61111624520741e-05,6.05222304094568,6.51250711113725,41919.1774308981,43010.9874101955,0.67536667744652,0.692957005389776,62068.7677239118,140081.318138509,129127.771299548,111750.2014328,87208.5938686499,97070.330728314,148705.438468332,138195.393210835
1.66788429328279,1.76104269670545,0.13715904195445,1.3715904195445e-05,5.3009406889118,5.81850116451151,46781.2501119154,48528.0686107953,0.641647144678183,0.665606339855652,72908.0624762671,145122.573764847,130545.213794665,121602.212257846,83763.96368275,96594.5051540517,156060.214941333,142178.530159714
1.37704217993367,1.46506227199085,0.120884967631375,1.20884967631375e-05,3.9631619541788,4.32781273342467,46225.3890273269,48407.3172472904,0.558795465631614,0.58517169785604,82723.2715195314,116692.417072573,104770.883856626,113913.4341445,58545.4948292991,68285.0998252828,131704.823276446,120607.701151157
1.77665925485843,1.85829169691637,0.156017084867212,1.56017084867212e-05,5.91007933306539,6.41277244995261,42912.1363450677,44182.034741925,0.66950264179818,0.689315226393703,64095.5444623973,142208.561523884,129841.087319261,113875.942264308,86928.9509741935,98026.5267819589,151209.538830704,139356.320122086
1.63489717534172,1.7037016451253,0.13151847710568,1.3151847710568e-05,5.1289305893772,5.49424755121948,48119.9878489472,49499.108086072,0.632866752023734,0.651004731356961,76034.9436829675,141833.1780787,131069.54522424,124309.314654551,82949.5573752926,92334.0699926283,153683.403524819,143464.869769673
1.44323839553121,1.54189023603685,0.113659862104959,1.13659862104959e-05,4.23438625503104,4.67341578614111,50918.4169604705,53428.3968252976,0.578738025032988,0.607266421565235,87981.8065480805,136042.34463026,120871.144290813,126978.721318389,69952.7273303424,82613.9478049626,151263.036566044,137053.100395842
1.64949521996576,1.77985089554495,0.14852308905594,1.4852308905594e-05,5.20435211098954,5.92897231649477,42873.5795629298,45130.675600903,0.636771647557197,0.670294735142767,67329.5988089337,136881.877274375,118034.782457355,111059.851397549,75161.2028944252,91751.2016734719,146855.753969104,128907.509156986
1.6537455741996,1.71929472969502,0.143621729585998,1.43621729585998e-05,5.22651952733269,5.58059125074597,44415.4829147746,45607.4100996799,0.637902847661729,0.655021512045395,69627.3469817266,132203.634986311,122661.784628678,115145.91691429,78246.3017139033,86596.2248866308,142943.884372411,133874.525012977
1.71614801688804,1.79697901804916,0.148542650434613,1.48542650434613e-05,5.56305833278275,6.03139916638187,44042.1452057342,45409.2589313268,0.654213697968582,0.674521167593089,67320.7322660634,139515.244649018,127368.102631586,115532.341173855,83325.9574258518,94105.985717691,149373.109226106,137774.220715762
1.41815743110234,1.47476229072053,0.119876804829025,1.19876804829025e-05,4.12950452937728,4.36999686065007,47653.7432101641,49051.0953868186,0.571257847417733,0.588008858833555,83418.9734558119,119058.616765262,111147.791098101,118301.237101289,63494.0478879373,70007.5213784431,134107.011386381,126726.752581449
1.59098549251552,1.66646464395663,0.135950886909842,1.35950886909842e-05,4.90858391822535,5.29342055127697,45673.5379519766,47169.4220924044,0.620935799288155,0.641272476848709,73555.9747148369,131490.947998743,120490.24377983,117026.488659144,74816.7058278533,84321.5259063389,143238.535514712,132824.959794296
1.73947321823112,1.83095843671337,0.144712906554571,1.44712906554571e-05,5.69434295639075,6.23986430850725,45619.1745285805,47182.0046320511,0.660168334065114,0.682784502737535,69102.3367444356,148738.018915301,134240.505230967,120201.664084134,88621.3307023869,101556.01428325,158625.643659064,144757.765876647
1.35614244053016,1.4748281095957,0.113049429969391,1.13049429969391e-05,3.88119245635624,4.37028449839381,48860.494220347,52015.128543702,0.552365101963293,0.58802806316501,88456.8812306935,126258.912059187,109152.55811074,119960.130793879,60292.0638903934,74243.783515485,142215.473307972,126299.700255874
1.53213608935583,1.61621508238819,0.124653044213498,1.24653044213498e-05,4.62805220424735,5.03400093468836,48495.3222636892,50365.7753838918,0.604508955028349,0.627824722577538,80222.6697558433,135328.105973898,122620.531818022,122912.047517402,74125.2095543332,84962.3305900061,148564.799391328,136584.330479304
1.48163262697645,1.54288288592413,0.125722926593141,1.25722926593141e-05,4.40012358036526,4.67805715504044,46929.3906889432,48324.2222681401,0.590010034064686,0.607546264888803,79539.9874229903,123133.551664244,114464.729842553,117849.040515199,67535.3391536098,74809.329396104,136885.2204287,128752.571046049
1.63478288078791,1.71421870537445,0.134036388840419,1.34036388840419e-05,5.12834441404288,5.55233580716259,47213.7502081288,48771.6598684807,0.632836058151115,0.653717716652433,74606.6056129415,140843.647549615,128590.378375338,121965.601649732,81376.6281672095,92071.9876811347,152390.721027782,140753.753028884
1.86823850269816,1.96098852409652,0.163923050502735,1.63923050502735e-05,6.47687734295692,7.10634839083266,42194.5659622914,43492.1470994658,0.691666196717767,0.71293654254581,61004.2332016824,151507.083085998,136847.032382203,113970.45729496,94652.4664199112,108014.935986532,159482.114734406,145355.397557296
1.61570497612121,1.67203414642291,0.139965655045012,1.39965655045012e-05,5.0314337140969,5.32298452197498,44845.7407243893,45921.3157707691,0.627686347646792,0.642740704238455,71446.0986645907,128537.777226711,120451.507595657,115435.817136826,75605.7668712678,82616.4614559418,139906.934360336,132243.943875936
1.65362691416277,1.7153220605124,0.135949146263137,1.35949146263137e-05,5.22589938512685,5.55846538633257,46919.8461220292,48106.3284573387,0.637871302308762,0.654001428362924,73556.9165005602,139036.205351155,129566.771209153,121635.69684815,82646.925087124,90929.8768938159,150412.503226532,141413.241514408
1.49742619182239,1.59531638258178,0.128995678608686,1.28995678608686e-05,4.47016889408088,4.92988855627861,46093.3407476706,48228.3503708929,0.594584176908717,0.622124878427081,77521.9767658685,127630.393263628,113693.985587958,116083.438451059,67600.6448402877,79402.0428927351,140594.217316606,127483.591111997
1.63315276261142,1.70327193670988,0.132912549182206,1.32912549182206e-05,5.11999141663443,5.49188713399218,47580.0132120776,48971.5646432545,0.632398084614029,0.650893549417616,75237.4404187468,140276.882771886,129433.529099325,122874.233671689,81853.5158872474,91305.318128632,152006.141049934,141712.69701343
1.91015756650343,1.98921314300936,0.172587551046162,1.72587551046162e-05,6.75415294295517,7.30977974751866,40641.6707480892,41670.3399945517,0.701424642483713,0.71917819309206,57941.6066766329,148387.122970875,136118.637137937,110677.598408736,95476.9663898475,106716.782976323,155811.79942024,143968.321885292
1.61009698581693,1.67555978028263,0.132164327320799,1.32164327320799e-05,5.00329645309709,5.34178453795307,47377.5811064766,48702.0855510499,0.626162613702405,0.64366783759745,75663.3821146556,136676.086780039,126733.127405191,121825.383479522,79355.5462987142,87974.0012289893,148688.587194222,139266.770428359
1.49746234291391,1.56212169431988,0.125571573059527,1.25571573059527e-05,4.47033049848674,4.76892872784568,47351.0517321915,48812.1393297471,0.594594605203432,0.612941712003714,79635.8583105392,126110.564851709,116799.263995863,119251.69896566,69448.2122636716,77298.4255219619,139712.419988132,130964.568298859
1.55859457905424,1.63147201619542,0.141054953749821,1.41054953749821e-05,4.7521377957128,5.11139323711476,43384.2663962615,44801.4119194224,0.611956568999459,0.631946108622081,70894.3552435334,121725.141260414,111802.604889866,110495.557768116,68418.3384936047,76923.7293409921,133308.07870898,123938.489941813
1.64990200619172,1.74502317326483,0.140388292499482,1.40388292499482e-05,5.20646960039691,5.72603416479,45365.6078722318,47124.5731516119,0.636880022738367,0.661573835952171,71231.0109479885,139246.246767587,124932.834085152,117524.187866151,79567.2262129203,92121.673615975,150047.429964953,136432.539563596
1.76592857450841,1.86541223058551,0.154872749745518,1.54872749745518e-05,5.84699921249616,6.45859776883859,43056.576633705,44617.2475763894,0.66682904178905,0.690999581823196,64569.1383179527,144392.191569334,129232.682418986,114024.486387059,86176.1057852811,99774.9439929444,153415.325927616,138887.622668119
1.58158785728832,1.69167348813296,0.117143295974527,1.17143295974527e-05,4.86267091182513,5.42855773481036,52785.460394056,55306.8496324908,0.618346281009258,0.647882665591753,85365.5338686604,157069.374972513,138307.208255807,135013.091797608,85521.7478617515,101762.525340022,170479.647958959,152708.410904867
1.41357542277107,1.49299206957958,0.116235007531561,1.16235007531561e-05,4.11062638814841,4.45039149885688,49028.3719523727,51043.4555362815,0.569881318314421,0.593303643869658,86032.6007832428,125507.531028684,113988.008519502,121613.570024267,64959.6365671291,74464.0754924021,140853.222481107,130099.784105577
1.590474844958,1.69728093068843,0.125856627043135,1.25856627043135e-05,4.90607800171114,5.45908356640464,49325.6043030482,51593.6846433851,0.620795418444601,0.649340712594367,79455.4902267693,147133.375605429,130076.498814248,126371.958499483,80750.8945111996,95539.6909620438,159569.238338863,143404.862820169
1.72142943271937,1.79210405788562,0.142818949052518,1.42818949052518e-05,5.59251688007638,6.00206788821036,45902.0831067762,47145.1748284773,0.655568726863111,0.673322432190034,70018.7199691742,144317.147775211,133269.208364053,120532.285396272,87367.1252572771,97171.9729467337,154603.951032852,144054.552861036
1.85481175699882,1.91775163282248,0.169505931568253,1.69505931568253e-05,6.39049517139875,6.80563967773647,40617.4285006837,41483.3141760412,0.68848950559153,0.703166781394839,58994.9856472923,139752.937258754,130388.636112605,109424.592982574,89771.2076119215,98269.6230827131,147703.086157299,138693.187354116
1.68099627257297,1.74913114288509,0.142845861413308,1.42845861413308e-05,5.37090419107478,5.74960492000954,45160.1455547191,46386.4584179698,0.645093989331421,0.662611361062748,70005.5283440531,137486.723216536,127245.36693432,117679.032205854,82085.221379601,91100.2647985665,148072.994485273,138320.089420097
1.81290076412711,1.88756157930484,0.160769143431297,1.60769143431297e-05,6.12819813179203,6.60324753851402,42197.9697855025,43303.9803107836,0.678413145695499,0.696194382173043,62200.9907285063,142538.444879741,131217.956271143,112764.223621172,89019.9864856408,99234.4645689579,151098.585371473,140228.283611833
1.56487557104374,1.63268801150456,0.134221075538876,1.34221075538876e-05,4.78207986966734,5.11761244781345,45723.7902664462,47106.8455291729,0.61370963072764,0.632273147216929,74503.947758216,128102.816459156,118366.37385647,116589.407793151,72642.5835900243,80995.9709299834,140265.930657688,131069.495831963
1.42498755387808,1.5022632814507,0.124081786960394,1.24081786960394e-05,4.15780609387242,4.49184388134166,46203.7210451331,48031.0465430935,0.573304027149966,0.595977808464487,80592.0050393211,118882.198922164,108282.533665655,114842.604123112,62078.8126205216,70851.1523790705,133174.824233051,123271.224551371
1.51697206274671,1.56189871919689,0.138447491458683,1.38447491458683e-05,4.5584017230081,4.76786549391779,43351.7881621432,44268.0095381534,0.600194632129697,0.612879487242641,72229.5499516817,114352.012046181,108432.231395669,109570.20938147,65080.4432335256,70084.0025080278,126690.608475671,121124.786070653
2.02485907292455,2.09989875124262,0.182972990639392,1.82972990639392e-05,7.57504334070702,8.16534313986701,39727.6652096186,40587.180202907,0.726908971452443,0.742635774334582,54652.8750776571,157703.270910976,145474.076614349,110664.369962406,105746.41140473,117116.090708069,164169.687600911,152301.315144423
1.37068794335389,1.46873085275743,0.108829963769109,1.08829963769109e-05,3.93805892527419,4.34371882252684,51166.7200993929,53868.1004343486,0.556847229460106,0.586246341858086,91886.4589647001,130193.653577009,115460.67970433,125947.661460396,64293.9596049366,76325.5531426605,146831.331895622,133118.753931011
1.59245546173914,1.65275427413655,0.134160696214387,1.34160696214387e-05,4.91580469137359,5.22134104533456,46313.0940728197,47528.0219949038,0.621339694465187,0.637639252052897,74537.4784282587,131162.169920904,122307.760797393,118697.614627344,75994.6667245734,83634.147926,143173.379396731,134795.326336161
1.6123815812224,1.69502530873704,0.13160816243126,1.3160816243126e-05,5.0147400281782,5.44678381468767,47625.0022283223,49294.4154893821,0.626783902905415,0.64875474406806,75983.1291256201,140341.868414968,127607.042137447,122513.797885793,79982.039909125,91047.4529255859,152251.938550965,140175.177975745
