"lnalpha","lnalpha.c","beta","beta1","alpha","alpha.c","Smsy_lambert","Smsy_lambert.c","Umsy_lambert","Umsy_lambert.c","Smax","Rmsy.c","Rmsy","Seq","MSY","MSY.c","Rmax.c","Rmax"
1.58601969760475,1.64470578204026,0.141181968564152,1.41181968564152e-05,4.88426931780933,5.17948578500732,43884.4331329973,45012.3961988198,0.619569065903845,0.635493870513892,70830.5749077021,123488.722294683,115354.534029311,112338.686996284,71470.1008963134,78476.3260958632,134962.44283335,127269.954190365
1.66668420442616,1.75811422352032,0.154220994392937,1.54220994392937e-05,5.2945829047774,5.80148676513932,41585.1579534054,43111.6318073557,0.641330441156153,0.664871872723256,64842.0147941802,128642.236501249,115942.814013693,108071.161840627,74357.6560602875,85530.6046938936,138388.921529397,126297.214455945
1.59744395499594,1.67133525151994,0.114267885890633,1.14267885890633e-05,4.94038841682199,5.31926561493793,54495.4535909878,56232.4839075395,0.622708027249326,0.642556705449356,87513.6519946745,157318.614630138,144438.4124944,139798.154358511,89942.9589034122,101086.130722598,171250.955298041,159053.203424964
1.57073593803008,1.63827377408725,0.131506098939993,1.31506098939993e-05,4.81018689094941,5.14627820145147,46791.7564316556,48193.4068562046,0.615340135087734,0.633772693028738,76042.1005611539,131594.247449129,121644.498685424,119442.060154702,74852.7422537687,83400.8405929248,143963.661314798,134561.733610555
1.38958202946546,1.4960153602907,0.112426042692616,1.12426042692616e-05,4.01317231461847,4.46386668557568,50043.8124103694,52850.4819034042,0.562622779054946,0.594177053479744,88947.362732859,130230.393220917,114417.966949075,123599.656821926,64374.1545387054,77379.911317513,146066.226509746,131318.647625361
1.5018065324212,1.59559731233425,0.118104928592147,1.18104928592147e-05,4.48979270448039,4.93127370320581,50450.5921971544,52682.1296684819,0.595846358887643,0.622201916257827,84670.4715815301,139445.200850819,124830.230548706,127158.667324326,74379.6383515514,86763.0711823372,153601.906018968,139850.423753585
1.33844846255173,1.44051049959981,0.116366935586518,1.16366935586518e-05,3.81312271070623,4.22285103059307,46995.3683033681,49664.3593746804,0.546870699622272,0.577928930829911,85935.0635092137,117668.238840285,103712.931969292,115019.653633192,56717.5636659237,68003.8794656043,133500.12780304,120547.081940625
1.56442767851088,1.63959061764551,0.107958701875561,1.07958701875561e-05,4.77993849139168,5.15305950873053,56835.1415948493,58737.7902044244,0.613584810749362,0.63412555815087,92628.0126221464,160540.839932856,147083.093977408,144909.826751541,90247.9523825584,101803.049728432,175595.354469903,162880.904503086
1.29666803477218,1.36708341935447,0.107274382669299,1.07274382669299e-05,3.65709104436055,3.92388964945556,49752.1710420185,51805.4177478113,0.533713343498993,0.555739420782161,93218.9004603975,116610.431290166,106698.680625683,120873.968463607,56946.5095836645,64805.013542355,134563.19165314,125413.782511328
1.65988303779862,1.73964776901941,0.124233426408486,1.24233426408486e-05,5.25869573984549,5.69533699519516,51478.2324871282,53142.9119874731,0.63953172073286,0.660212604552842,80493.6343550522,156400.480710997,142809.327333288,133610.018316715,91331.09484616,103257.568723524,168650.052698886,155720.25226963
1.5760646562979,1.6686484141073,0.134017899340563,1.34017899340563e-05,4.83588743637536,5.30499279603426,46025.076096166,47892.7585096924,0.616818401539773,0.641848688909385,74616.8985576191,133722.136501059,120112.960228552,117601.056579229,74087.8841323856,85829.3779913662,145622.173965304,132745.221079832
1.77683730897465,1.89807916672123,0.146994626226224,1.46994626226224e-05,5.91113174070776,6.67306427998241,45549.0711224183,47528.1018831784,0.669546868459154,0.698637557155968,68029.69779732,157710.766592691,137838.219023772,120877.705164549,92289.1479013533,110182.664709513,167004.959381508,147936.281569619
1.74570468847148,1.82843535867058,0.159412350682918,1.59412350682918e-05,5.72993787421466,6.22414048843441,41511.5970663717,42793.199101596,0.661746126895245,0.682176446202757,62730.3967174454,134644.517658676,122723.198068203,109508.74765932,81211.6010018313,91851.3185570801,143635.879832939,132231.055754643
1.59597792392018,1.68018407741559,0.136019124853751,1.36019124853751e-05,4.93315096034089,5.3665437397085,45751.3803134116,47411.067774735,0.622306271108137,0.644881194710131,73519.0732240934,133507.623557235,121133.545022429,117334.817852724,75382.1647090175,86096.5557825005,145144.376874119,133422.768339075
1.69789383853011,1.76737778295208,0.150942222844382,1.50942222844382e-05,5.46243050710921,5.85547887604094,43029.6968779807,44201.7515912372,0.649499809508239,0.667191063879656,66250.5150087113,132814.196957902,122766.54348635,112486.341232738,79736.8466083694,88612.4453666648,142710.916542547,133131.462126733
1.46665256713408,1.56435132058098,0.12250334507585,1.2250334507585e-05,4.33470070850047,4.77957351911788,47805.8609374178,50085.4509580849,0.585637787906462,0.613563528199786,81630.4240003267,129608.498713286,115372.153980649,119723.470916323,67566.2930432307,79523.0477552012,143531.332484204,130171.733131144
1.45008878763912,1.50938392866961,0.115164621665162,1.15164621665162e-05,4.26349304384601,4.52394286412158,50429.1187836213,51927.6789376644,0.580765038562327,0.598023149880613,86832.22204363,129180.769793688,120288.43827978,125914.431591258,69859.3194961584,77253.0908560239,144511.877752126,136192.123564529
1.31989127405304,1.43647603552715,0.106369615347242,1.06369615347242e-05,3.74301439235205,4.20584841111714,50865.895831933,54219.4596063429,0.54105857739356,0.576730306266203,94011.8093626186,128096.720386607,110833.089641491,124085.366835658,59967.1938095581,73877.2607802637,145459.317313747,129452.19727081
1.53517853222113,1.61592475680555,0.105943171496663,1.05943171496663e-05,4.64215423008245,5.03253964756875,57141.0616345782,59253.0847050419,0.605370529225351,0.627745971461256,94390.2269370421,159173.790375447,144796.741922015,144905.850045228,87655.6802874369,99920.7056704055,174751.033697253,161195.203038468
1.69873896036662,1.75502812067193,0.147571873882402,1.47571873882402e-05,5.4670488776792,5.78361037868007,44027.2986390664,45001.5675349424,0.649719096214713,0.66409656487769,67763.5902893589,133971.73958211,125691.404136761,115112.650918855,81664.1054976945,88970.172047168,144178.649907075,136287.141517245
1.52958940922522,1.61806271959573,0.130623911485884,1.30623911485884e-05,4.61628103072415,5.04331053985616,46223.2933335995,48101.8830663829,0.603786737699414,0.628325611596752,76555.6618711474,129419.418090748,116662.660571246,117098.729614334,70439.3672376468,81317.5350243649,142036.036277847,130009.49570069
1.24803194704815,1.37466761626721,0.085730353623547,8.5730353623547e-06,3.48348053272406,3.95376233820811,60430.3821019145,65095.7434756928,0.518071802720319,0.558068110755884,116644.800555837,147298.135889295,125392.916295463,145576.437550744,64962.5341935486,82202.3924136025,169660.781511718,149480.413592759
1.53370567043406,1.61626883766759,0.125578095686524,1.25578095686524e-05,4.63532201119944,5.03427154608843,48173.4972756022,49995.9247660537,0.604953605043005,0.627839302420773,79631.7219601949,134339.614825691,121943.897958736,122131.623516779,73770.4006831336,84343.6900596369,147478.347474181,135791.171366897
1.45367787166067,1.54542862323708,0.120633492919492,1.20633492919492e-05,4.27882257163165,4.68998143128975,48230.7423592203,50422.4223435398,0.581824291689284,0.608263292876303,82895.7179137123,128715.081907344,115336.069027194,120503.670786589,67105.3266679733,78292.659563804,143023.940225189,130485.391612934
1.28120501501686,1.50374875990946,0.088336784609872,8.8336784609872e-06,3.6009763427685,4.49852137707764,59859.3599203606,67514.9216872952,0.52877833841697,0.596405109504297,113203.124204302,167283.886087785,127030.153323742,145036.410446128,67170.793403381,99768.9644004898,187341.381917603,149963.027350355
1.3817204046926,1.47447402163616,0.113601368888815,1.13601368888815e-05,3.98174595272379,4.36873730721025,49315.0770303047,51753.3148830279,0.560226025749996,0.587924741524583,88027.1082805994,125591.900553562,112137.324893787,121628.851677389,62822.2478634825,73838.5856705339,141474.40782816,128942.326162313
1.50110574890092,1.57147858530373,0.120482502875282,1.20482502875282e-05,4.4866474339492,4.81376048992723,49438.2673211816,51090.1075743005,0.595644618467325,0.615546403271915,82999.6037711095,132890.179748885,122264.398049533,124591.182377311,72826.130728351,81800.0721745842,146982.630399099,136994.610117212
1.88571799136583,2.02033791891394,0.154384378154968,1.54384378154968e-05,6.59108508571414,7.54087270668257,45067.0317024394,47021.4534110886,0.695764566467133,0.72593778448137,64773.3930045838,171572.185980129,148132.093553694,122144.352550553,103065.061851255,124550.73256904,179689.944697303,157057.645794451
1.84589141934294,1.90884950668461,0.163327205464265,1.63327205464265e-05,6.33374329595059,6.74532388260877,42023.9386271199,42927.5556240091,0.686365245856928,0.701123769748121,61226.786875919,143629.875108608,133990.057134898,113018.000528198,91966.1185077782,100702.319484599,151932.188725131,142661.716253234
1.91821598263385,1.98072944031602,0.17748763914207,1.7748763914207e-05,6.80880060906922,7.24802806123239,39623.7763672325,40414.832310971,0.703273052131346,0.71731331731969,56341.9517456958,142966.877419818,133536.157237637,108076.032331379,93912.3808704041,102552.045108847,150230.209024685,141126.321541027
1.80171476876365,1.87831679495386,0.155081274972074,1.55081274972074e-05,6.0600301102903,6.54248324815758,43569.5728778495,44752.9433646722,0.675682491188559,0.694034351574638,64482.3174287208,146267.868942122,134342.339510202,116178.743635432,90772.7666323525,101514.92557745,155198.948528063,143754.330808614
1.67661664968888,1.77268547039192,0.129301221289368,1.29301221289368e-05,5.34743309097165,5.88664055278969,49801.9592921352,51702.0978967166,0.643945415907646,0.66851444012679,77338.7899996757,155970.890305123,139871.698096766,129667.502980248,90069.7388046305,104268.792408406,167482.875671453,152141.69499651
1.71096078874072,1.82285102016828,0.143623412414382,1.43623412414382e-05,5.53427619431074,6.1894796500626,45457.6988198978,47403.6563049294,0.652878982501894,0.680827487943249,69626.5311615632,148520.485048852,130956.342394755,119128.264673469,85498.6435748574,101116.828743923,158538.380096241,141755.887805906
1.73822770624532,1.80745007060783,0.159805184591733,1.59805184591733e-05,5.68725499897154,6.09488607134148,41291.0455627927,42369.3848654138,0.659852315814775,0.677084736945564,62576.1925406099,131208.987969922,121391.523395784,108771.67162543,80100.4778329917,88839.6031045085,140307.292761308,130923.423802946
1.92083361597273,2.00103386610342,0.179552541986516,1.79552541986516e-05,6.82664689987396,7.39669934393279,39201.4262251001,40197.7363383237,0.703871572821361,0.721760574164977,55694.0040467429,144471.748450769,132379.814388613,106978.915181105,93178.3881635128,104274.012112445,151548.599148405,139868.977560284
1.96326899657454,2.04942474892105,0.173895153693662,1.73895153693662e-05,7.1225727152886,7.76343389782061,41027.2976738928,42102.3071186632,0.713444823463722,0.732138716725769,57505.91541853,157179.51696498,143174.163418746,112899.580860838,102146.865744853,115077.209846317,164237.338605358,150679.763900679
1.50935351409206,1.58599306275003,0.121840355974843,1.21840355974843e-05,4.52380527240293,4.88413922773811,49081.8025371265,50850.2885300145,0.598014429301047,0.619561725592046,82074.6124712957,133662.388751891,122098.418736239,123879.604751294,73016.616199112,82812.1002218764,147469.563374782,136589.797548164
1.240414339553,1.32713744753327,0.095927452504797,9.5927452504797e-06,3.45704555876712,3.77023542904726,53747.9334886849,56640.109102521,0.515590233696681,0.543334137579861,104245.445270215,124029.654422496,110955.51169179,129307.545146263,57207.5782031046,67389.545319975,144587.609334598,132576.854180493
1.21113023219819,1.33877372205924,0.101909506850134,1.01909506850134e-05,3.35727701159892,3.81436316684534,49648.9887499983,53672.3348377321,0.505970395912017,0.546972117480854,98126.2721122358,118474.68314594,100498.003235361,118843.694728035,50849.0144853628,64802.3483082081,137693.31572839,121193.128007284
1.46883660632504,1.56015303820859,0.132720892847201,1.32720892847201e-05,4.34417821057954,4.7595495823465,44173.7000587316,46141.3470599442,0.586277291215933,0.612392077896839,75346.087458233,119041.289996296,106771.272450957,110671.09140202,62597.5723922256,72899.9429363519,131926.511570203,120413.1330172
1.55544592646974,1.6462151124422,0.126077036013226,1.26077036013226e-05,4.73719849643445,5.18730924297533,48468.4306589507,50437.1708633146,0.611075607769309,0.635896900733937,79316.5854482092,138524.420596756,124621.730154177,123372.659736906,76153.2994952268,88087.2497334416,151360.191025512,138226.436050073
1.39318697517127,1.51334938314084,0.121586442789948,1.21586442789948e-05,4.0276656911426,4.5419179697566,46363.6201839206,49278.4368271738,0.563718765302714,0.599158984006523,82246.0117307318,122937.610825674,106270.030651421,114584.072303039,59906.4104675008,73659.1739985001,137423.071702755,121863.537552678
1.50347871420376,1.61074907047237,0.124112656993703,1.24112656993703e-05,4.49730673470961,5.00656008990886,48047.2716225014,50465.4431032967,0.59632745423668,0.62634002299147,80571.9597196872,135057.127357647,119025.363817217,121138.226400232,70978.0921947158,84591.6842543507,148398.283678703,133303.623370619
1.99042636041031,2.09413210990403,0.174104247272357,1.74104247272357e-05,7.3186534813012,8.11839203976015,41322.6044436366,42586.7423757895,0.719444094199272,0.741453272511863,57436.8526711278,164715.843783958,147288.307211708,114323.825615616,105965.702768071,122129.101408168,171540.30263981,154641.957046385
1.77109532998214,1.96240774357445,0.164331821827978,1.64331821827978e-05,5.87728740614787,7.11644101901909,40656.6649767806,43403.2154114975,0.668118382508412,0.713252946176358,60852.4866867718,151364.119814782,122503.515814072,107775.554988742,81846.8508372916,107960.904403284,159311.344332735,131571.182168293
1.63099001156957,1.76798017480281,0.157417964304526,1.57417964304526e-05,5.10893011559561,5.85900723141754,40136.2334198559,42392.9671259227,0.631816415980499,0.667341458579142,63525.1513013786,127436.881508748,109011.469174384,103608.887255994,68875.2357545276,85043.9143828249,136922.638762097,119393.638725592
1.94270645773649,2.02992168618105,0.157828861518336,1.57828861518336e-05,6.97761004517041,7.61349009394761,44911.7108784342,46125.4837305492,0.708836419678392,0.727993258417509,63359.7676863319,169574.781353575,154249.067925413,123089.429844921,109337.357046979,123449.297623026,177460.982369208,162639.409512013
1.6430206083137,1.70857739852152,0.136278941135329,1.36278941135329e-05,5.17076480189495,5.52110156094161,46598.799058934,47862.4526136139,0.635043499392947,0.652264436232314,73378.9088518801,137640.372744818,127683.15944893,120563.059459211,81084.3603899963,89777.9201312045,149039.883929905,139582.686063074
1.66346280078251,1.74902275314267,0.133405302224076,1.33405302224076e-05,5.27755435875253,5.74898175558614,48010.0328332472,49666.9926347125,0.640479293990714,0.662584016299476,74959.5393382745,147198.102739539,133538.992416217,124692.405253013,85528.9595829701,97531.1101048269,158534.343110102,145534.226592337
1.69791620666625,1.80069866227409,0.156849176432821,1.56849176432821e-05,5.46255269286493,6.05387560171588,41409.5648780124,43062.6156925616,0.649505614755773,0.675433580642138,63755.5148673861,132677.360084752,118146.157602947,108251.521957686,76736.5927249341,89614.7443921902,141989.675937797,128120.585502813
1.67272209758952,1.77637164955441,0.115572749848843,1.15572749848843e-05,5.32664773529816,5.90837980731003,55629.1820118641,57922.9269287433,0.642921753695291,0.669431194444845,86525.5868107229,175221.999037289,155789.893636908,144733.261065196,100160.711625044,117299.072108546,188069.546202254,169552.441621535
1.5734901714614,1.67362145589281,0.126120327025724,1.26120327025724e-05,4.82345352981899,5.33144045503073,48850.5484289808,50995.6129017184,0.616104714324905,0.643158337604197,79289.3598980308,142908.237113734,127249.67003196,124761.028501017,78399.1216029789,91912.6242120154,155512.388961335,140694.956230513
1.30517912018542,1.40060327934712,0.0969227157844598,9.69227157844598e-06,3.68834969242078,4.05764712331836,55344.565116418,58393.6871901313,0.536414555499311,0.565967474713574,103174.987608048,134537.583679002,119383.742032772,134661.839551414,64039.1769163537,76143.8964888712,154011.878857877,139994.841530242
1.38588579873322,1.44918138314301,0.123886318871947,1.23886318871947e-05,3.99836608425428,4.25962608580178,45323.5722767902,46857.2269066687,0.561497052749815,0.580496935401472,80719.1632704525,111696.983552461,103359.789394828,111867.542062148,58036.2171180373,64839.756645792,126489.258726284,118731.163704582
1.3085760053827,1.41761945773634,0.115271395938168,1.15271395938168e-05,3.70089989662689,4.12728356338951,46628.1898693338,49543.634349884,0.537489653630807,0.571096389136132,86751.7905774647,115512.280836472,100815.452530684,113521.311573655,54187.2626613507,65968.6464865881,131718.954082091,118111.260362705
1.44893453704629,1.51117515937236,0.115772853190311,1.15772853190311e-05,4.2585747434942,4.53205355136468,50134.7219988914,51699.2095871304,0.580423980971472,0.598536500158597,86376.0348340182,128776.861676227,119489.007295916,125153.220044122,69354.285297025,77077.6520890968,144010.386018077,135320.332327663
1.36981985925211,1.46619235475997,0.137349383443232,1.37349383443232e-05,3.93464184230158,4.33270628456084,40522.9783383321,42628.727587554,0.556580609005337,0.585502945112006,72807.025043058,102844.464357107,91387.4746150193,99732.5087970468,50864.4962766872,60215.7367695528,116048.104968962,105386.264275
1.55393194410353,1.62339122300801,0.121182726831696,1.21182726831696e-05,4.73003188787399,5.07025556184372,50390.9686175167,51968.4130469953,0.610651498476109,0.629767400215077,82520.011403015,140366.928998649,129423.815477108,128230.481746932,79032.8468595916,88398.5159516533,153919.855696761,143591.544201748
1.65522806974749,1.73830759954095,0.129523870037275,1.29523870037275e-05,5.23427356550629,5.68770939066768,49280.2441474689,50946.0220094872,0.638296793836193,0.659872593367297,77205.8462824047,149785.112919474,136244.974630253,127793.283915246,86964.7304827838,98839.0909099866,161544.845099381,148666.159655572
1.46792209774714,1.56855479886736,0.121451067347935,1.21451067347935e-05,4.34020723836289,4.79970663754199,48250.6752672355,50615.7649523822,0.586009601146435,0.614733867809901,82337.6872543397,131378.703507235,116550.227736809,120865.310598038,68299.5524695739,80762.9385548527,145384.757348189,131466.363226189
1.67629079597587,1.75228768157513,0.15666515124873,1.5666515124873e-05,5.34569089390997,5.76778244432839,41097.8347709908,42345.5354615406,0.643859850039258,0.663406971779071,63830.4046579158,125806.335577891,115397.926281328,106998.319831479,74300.0915103373,83460.8001163502,135438.453638565,125526.944764164
1.64999009447012,1.73854347279353,0.146703233852974,1.46703233852974e-05,5.20692824954105,5.68905112741508,43414.4136561117,44984.1790992474,0.636903487918232,0.659932454608097,68164.823210523,132280.129958907,119567.14595577,112471.28308867,76152.7322996583,87295.9508596597,142661.132585987,130571.208578857
1.72729436862238,1.83442653340297,0.150786030644137,1.50786030644137e-05,5.6254130056533,6.26154233026886,43576.240538217,45337.0157695553,0.657068834115186,0.683618864914187,66319.1408201504,143298.73289461,127069.933774563,114552.678470521,83493.693236346,97961.7171250542,152765.656307182,137245.723893507
1.52105837349877,1.60675239344433,0.127220937525955,1.27220937525955e-05,4.577066878822,4.98659041895261,47268.9903525612,49146.9184451146,0.601360526855816,0.625251704109913,78603.4138284813,131146.476139092,118575.789747405,119560.3807894,71306.7993948442,81999.5576939772,144195.140544448,132353.120353466
1.48846846094378,1.55899757935423,0.116494590367629,1.16494590367629e-05,4.43030513511651,4.75405329461749,50817.321724052,52540.570221543,0.591994307782345,0.61206922056403,85840.8958599915,135438.003393116,124550.521459252,127771.466146757,73733.1997352001,82897.4331715728,150128.728192783,139905.052430531
1.36073438164953,1.43023006283801,0.121911104913904,1.21911104913904e-05,3.89905564555681,4.17966066591401,45425.1856789344,47154.845924164,0.553783457703815,0.574869936865974,82026.9819313193,110918.634115268,101800.765711601,111616.934536891,56375.5800326662,63763.7881911045,126125.608585747,117658.060190397
1.2154022631173,1.35088729366769,0.0990934366111045,9.90934366111045e-06,3.3716500820378,3.86084971884953,51202.3490759949,55577.6544540385,0.507381673250175,0.550738077863513,100914.857148868,123708.802628401,103939.188405384,122652.145760893,52736.8393293888,68131.1481743621,143332.120228245,125170.827698059
1.53399384149036,1.63208202402485,0.1217729033411,1.217729033411e-05,4.63665796932267,5.11451217820121,49685.5364447623,51908.9368631004,0.605035202693873,0.632110195116958,82120.0753667576,141099.144836599,125797.379370628,125971.68987533,76111.8429258662,89190.2079734983,154510.88299265,140074.769990463
1.49576450624447,1.58945821285133,0.129938659078264,1.29938659078264e-05,4.46274704699461,4.90109285975381,45721.9305124821,47754.5197742242,0.594104634126149,0.620515826438914,76959.3904611317,125840.609704734,112644.623113761,115113.12467397,66922.6926012791,78086.0899305101,138758.650825356,126348.301682029
1.28848459398016,1.39328678509909,0.119221737350072,1.19221737350072e-05,3.62728557829732,4.02806771222702,44547.7499492539,47285.7630761317,0.531106014398664,0.563749082586032,83877.3215545154,108391.206043611,95006.016961645,108074.636607313,50458.2670123912,61105.4429674793,124293.046881514,111926.215904321
1.55095059689894,1.67458281399268,0.144319999140495,1.44319999140495e-05,4.71595102093385,5.3365683429695,42254.3909020592,44582.2552075111,0.609815365866732,0.643411103322933,69290.4660445919,125024.238339888,108293.323738697,107466.089671265,66038.9328366381,80441.9831323764,136031.997746456,120212.128360957
1.74823810873728,1.792686845274,0.145221047155902,1.45221047155902e-05,5.7444726184809,6.00556683715243,45612.259952768,46375.2276714773,0.662386015348816,0.673465912454528,68860.5418831923,142022.623181781,135101.808652546,120384.623508496,89489.5486997785,95647.3955103039,152135.287221664,145521.149867671
1.82518093792926,1.94384942658318,0.170626648162123,1.70626648162123e-05,6.20391744153256,6.98558979551071,39934.6080648125,41558.2257476553,0.681390831976704,0.709094076288727,58607.4924855722,142857.956336779,125340.423543282,106969.278104499,85405.8154784693,101299.730589124,150612.749995747,133759.509786315
1.83839232115745,1.90179327012811,0.162718958011179,1.62718958011179e-05,6.28642358243906,6.69789481380029,42070.7535648519,42988.0276233614,0.684570918281779,0.699496706182914,61455.654105854,143053.432384431,133376.2674503,112979.60259991,91305.5138854478,100065.40476107,151427.825696664,142125.172305723
1.54715281324463,1.67550661178647,0.124818513839629,1.24818513839629e-05,4.69807482567902,5.34150053085252,48770.6808541508,51567.1793632685,0.608748390316196,0.643653869102478,80116.320026437,144710.92820171,124652.984542519,123952.189915709,75882.3036883681,93143.7488384415,157430.830560258,138467.050142339
1.51698988594578,1.59010098824781,0.117775582343381,1.17775582343381e-05,4.55848296903344,4.90424417434517,50961.3037555691,52701.2990454478,0.600199722679007,0.620692618533026,84907.2430891871,138940.873867588,127466.904468035,128803.429009836,76505.6007124662,86239.5748221399,153187.152237231,142387.08345744
1.39289009188564,1.5510314834267,0.0983686919246895,9.83686919246895e-06,4.0264701219998,4.71633249326479,57297.5575107384,61995.1384906392,0.5636285782811,0.609838067901415,101658.361053087,158895.918310591,131304.559966459,141598.923868178,74007.0024557208,96900.7798199519,176381.501883679,150582.014398325
1.97985663527609,2.0793262133525,0.170477178695513,1.70477178695513e-05,7.24170470574072,7.99907742658175,42065.5079720124,43313.5640137244,0.717120911946228,0.738397419230724,58658.8778422997,165570.094478255,148704.905199695,116136.168513927,106639.397227682,122256.530464531,172615.253026559,156271.607769552
1.77608857273626,1.89038396418553,0.148836245063436,1.48836245063436e-05,5.90670751865798,6.62191076955168,44972.9741868151,46820.0130046179,0.66936086073004,0.696851492942859,67187.9352756975,154445.797735011,136018.301662997,119331.72406891,91045.3274761818,107625.784730393,163674.166353198,145996.444629526
2.25976664773186,2.38906808788953,0.202243521666567,2.02243521666567e-05,9.58085319206655,10.9033282633646,38257.4384833176,39387.2170911499,0.773731908880821,0.796580949315976,49445.3415248905,193625.99991842,169080.130981292,111734.933663659,130822.692497974,154238.78282727,198330.719094595,174274.997250788
1.69494916879422,1.78390086541434,0.1455865207328,1.455865207328e-05,5.44636911266736,5.95303316570248,44560.0972142754,46109.8861868268,0.648734951694169,0.671297790132553,68687.6776068667,140278.601124772,126856.051944795,116422.122066164,82295.9547305196,94168.7149379454,150425.911907948,137623.127161529
1.69843336794894,1.77731557559114,0.151761666528239,1.51761666528239e-05,5.46537844424397,5.91395951384585,42806.5815088336,44126.1392195854,0.64963981481575,0.669665642542139,65892.7924868249,133580.229314216,122178.784345379,111914.517466958,79372.2028365456,89454.0900946311,143357.948738611,132484.072813261
1.498041552746,1.56578507569085,0.119646018770238,1.19646018770238e-05,4.4729205078712,4.78643117199658,49710.1087504144,51314.9548064067,0.594761660462263,0.613963004596123,83579.8809085617,132927.557248031,122668.819557201,125206.134574588,72958.7108067865,81612.602441624,147169.930337681,137530.317661457
1.62203826134128,1.69994438604037,0.135214185802807,1.35214185802807e-05,5.0634003389007,5.47364297230303,46548.4962771069,48074.2233157051,0.629401702445401,0.65003169637354,73956.7371620588,137367.363894238,125603.643039534,119960.65736082,79055.1467624271,89293.1405785327,148922.297306842,137760.759053685
1.80859717837911,1.88170813352215,0.15566580142816,1.5566580142816e-05,6.10188157404962,6.56470868962628,43514.0307465603,44635.8858979096,0.677364646953291,0.694828095075402,64240.1857585592,146264.728756529,134870.622006079,116184.61870148,91356.5912595182,101628.84285862,155141.421046649,144203.592758404
1.4861359844947,1.56531603260933,0.123864459068784,1.23864459068784e-05,4.41998359478097,4.78418665599868,47739.1190200902,49556.7781161985,0.591318015384377,0.613832351455468,80733.4087209539,128329.69903869,116812.389136727,119980.823851128,69073.2701166371,78772.9209224919,142091.115296544,131274.225638204
1.42925912905915,1.49406164951703,0.118570017037545,1.18570017037545e-05,4.17560446166083,4.45515409485237,48459.1503875568,50064.3253861287,0.574580228707757,0.593612791400649,84338.3534037403,123193.654541145,113909.022705641,120541.361532113,65449.8723180844,73129.3291550164,138227.153853573,129553.750120686
1.37027369246395,1.45282170196678,0.115757283957656,1.15757283957656e-05,3.93642791870604,4.27516074121807,48093.7348087137,50240.6207519712,0.556720011683646,0.581571780259482,86387.6523196417,120069.86714024,108495.163500119,118374.727327327,60401.4286914055,69829.246388269,135865.639778893,125100.628956962
1.59047633631545,1.65594471051791,0.13389178649517,1.3389178649517e-05,4.90608531843258,5.2380260037614,46365.4899777755,47686.8022965993,0.620795828484826,0.638487115173364,74687.180310054,131908.997709632,122270.516678428,118788.192909266,75905.0267006523,84222.1954130332,143919.364252769,134799.002427942
1.54737415934625,1.62801944989085,0.118568026691002,1.18568026691002e-05,4.69911484132429,5.0937762424758,51346.9483559846,53219.7768145705,0.608810634317388,0.631016391783916,84339.7691526133,144233.444601702,131258.548571191,130505.179391982,79911.6002152065,91013.6677871311,158043.918738556,145798.811878009
1.49828563461222,1.62333308903337,0.116557417800044,1.16557417800044e-05,4.47401239990632,5.06996081630292,51033.3923762414,54029.3105525515,0.594832043695116,0.629751692352208,85794.6254193375,145927.231634907,125956.141353487,128544.85479273,74922.7489772454,91897.9210823553,160018.503074793,141209.132163103
1.4326782492534,1.51741618020646,0.120767680176018,1.20767680176018e-05,4.18990579024723,4.56042663841867,47661.7430707856,49708.7849559325,0.575599814380417,0.600321464349651,82803.6109116701,124371.915231943,112303.775270984,118630.932312791,64642.0322001985,74663.1302760108,138918.558408972,127631.846403822
1.73058726874105,1.84350587893822,0.14608158649425,1.4608158649425e-05,5.64396746102549,6.3186519031255,45037.089068118,46946.0465690645,0.657908942215353,0.68579529624419,68454.8972939419,149412.297167739,131652.342390281,118467.173739872,86615.2533221635,102466.250598675,159123.55464254,142132.875564956
1.57870133460229,1.71887788459006,0.155561048425531,1.55561048425531e-05,4.84865494036503,5.5782654933743,39698.1340264539,42100.1650617613,0.617548334969242,0.654914581589549,64283.4443532767,121999.258200144,103799.087979552,101484.35939335,64100.9539530983,79899.0931383825,131917.932745925,114663.695568273
1.36473122917476,1.4669633712052,0.113560321840109,1.13560321840109e-05,3.91467076129547,4.33604816051368,48874.0662496654,51578.6523712442,0.555015469294679,0.585728836335757,88058.9261985349,124504.568251937,109833.180430335,120176.766590736,60959.1141806695,72925.9158806931,140466.577439625,126816.027702285
1.78830010262435,1.86196615659481,0.147590930543789,1.47590930543789e-05,5.97927966066647,6.43637926833717,45557.3212666274,46763.394382026,0.672384743882389,0.690185289222942,67754.8407829374,150939.877143783,139057.386418759,121165.988725424,93500.0651521317,104176.482761757,160430.698531359,149037.210624614
1.53801513393595,1.68582932179472,0.115525802901422,1.15525802901422e-05,4.65534086650771,5.39692486434287,52470.754064129,55949.258334417,0.606172599210154,0.646358299082258,86560.7487578598,158208.882575845,133232.86789821,133131.741594415,80762.1138340812,102259.624241428,171859.242980798,148244.301569131
1.63658029705504,1.72400367375143,0.143511828521595,1.43511828521595e-05,5.13757047276628,5.6069319124251,44130.0584489109,45726.3879641499,0.633318538076807,0.656227754842301,69680.6674614646,133013.611797467,120349.848660074,114038.007453077,76219.7902111628,87287.2238333174,143728.56926695,131696.918224114
1.58680354437164,1.68095917618977,0.126988188795147,1.26988188795147e-05,4.88809933740084,5.37070495365029,48806.5107894287,50798.7615442257,0.619785040656033,0.645084272153777,78747.4811230806,143129.07983113,128365.57213225,124956.782156443,79559.0613428217,92330.3182869047,155587.063316008,141606.181621692
1.59900514223928,1.67682892547013,0.111592964236152,1.11592964236152e-05,4.94810731194801,5.34856834199763,55840.0364512643,57709.8344523737,0.623135519065134,0.644001149211796,89611.3842700525,162106.799852304,148170.069815932,143289.064250994,92330.0333646682,104396.96539993,176321.898624136,163120.225834637
1.52833891212175,1.61640687771022,0.124203303092188,1.24203303092188e-05,4.61051199250098,5.03496652511365,48584.1959506039,50552.3383812063,0.603431761514311,0.627876740597981,80513.1566636168,135848.370409421,122511.566070254,123051.39026676,73927.3701196505,85296.0320282142,149131.353632433,136559.377495507
1.51369032456861,1.57082382835626,0.130146823904866,1.30146823904866e-05,4.54346676176269,4.8106096784234,46044.6529231412,47282.3332973926,0.59925653357487,0.615364550546691,76836.2968835089,122927.653612261,114898.075154879,116306.359168248,68853.4222317375,75645.3203148682,135979.069415168,128427.875775138
1.79525263569759,1.8719837272415,0.160052151518882,1.60052151518882e-05,6.02099564811474,6.5011801843376,42117.3367511943,43270.1377890443,0.674097036327393,0.692547864965504,62479.6349508631,140737.80227348,129232.751603647,112166.72932296,87115.4148524525,97467.664484436,149429.452242434,138392.423550946
1.69635885142967,1.79422391487846,0.146754302026875,1.46754302026875e-05,5.4540521787018,6.01480490935652,44230.4758458545,45916.4805766744,0.649101261107493,0.673844105856041,68141.102931134,140780.778152694,126049.116008376,115591.763103409,81818.6401625216,94864.29757602,150777.390389831,136720.603069835
1.3126891798867,1.39287079375162,0.119094504750769,1.19094504750769e-05,3.71615369298111,4.02639241938953,45240.4728094047,47325.66936116,0.538789170392669,0.563622715456601,83966.9304719571,108451.266913856,98090.6559542883,110222.481098837,52850.1831448837,61125.5975526963,124374.083949695,114790.900448516
1.66680481324657,1.74286684846134,0.13940066080246,1.3940066080246e-05,5.29522151668644,5.71370027800694,46008.5537219003,47419.3069812353,0.641362279139837,0.661028272797889,71735.671426771,139891.628640053,128286.990034268,119569.362415616,82278.4363123677,92472.3216588182,150785.000099312,139741.312646865
1.68542389193846,1.81435579376024,0.146589040838787,1.46589040838787e-05,5.3947372333663,6.13712133185745,44085.9947152653,46304.0792375862,0.646252367973458,0.678767056236096,68217.9236781937,144144.864767103,124625.554276382,114976.118425662,80539.5595611165,97840.7855295165,154017.022899277,135386.172617103
1.40596381753977,1.50538954167366,0.120613457727049,1.20613457727049e-05,4.07945669900143,4.5059085276127,47058.4147350315,49486.7422574887,0.567587811634565,0.596876709532298,82909.4877839439,122758.330832422,108827.678777782,116567.739954981,61769.264042751,73271.5885749333,137433.346356677,124426.26875916
1.58912789404015,1.88866852205189,0.125467744933723,1.25467744933723e-05,4.89947420393786,6.61056100252996,49448.960051847,55508.4681151819,0.6204249507023,0.696452231913735,79701.7592472263,182865.677007406,130274.527114832,126656.28882384,80825.5670629853,127357.208892224,193825.870443839,143655.712719684
1.3477941088047,1.43545762451634,0.109911836626273,1.09911836626273e-05,3.84892584781668,4.2015673091162,50019.9542770706,52444.5209957304,0.549778504255504,0.576427362362588,90982.0116463199,123814.704576418,111100.768732414,122625.01930411,61080.814455343,71370.1835806878,140628.187205853,128825.132348544
1.66395482304362,1.71583622967402,0.134804542595944,1.34804542595944e-05,5.28015167189675,5.56132411269166,47521.3503921103,48524.5947856444,0.640609390315003,0.654133580473233,74181.4764356529,140298.658806016,132227.579439993,123434.625495601,84706.2290478822,91774.0640203718,151767.645759723,144094.49481091
1.73931165271219,1.85908566873144,0.143478807757629,1.43478807757629e-05,5.69342302123292,6.41786603234714,46008.7007586754,48056.1134283791,0.660127353133227,0.689503386016922,69696.7040379402,154771.779350219,135370.413544078,121224.289488822,89361.7127854025,106715.66592184,164553.985804047,145979.278204061
1.5059781765493,1.63865586158266,0.117259912175281,1.17259912175281e-05,4.50856164330009,5.1482449057028,50916.4462499498,54057.2726141941,0.597045801554652,0.63387510391756,85280.6369584514,147647.082164066,126357.899846663,128430.778141652,75441.4535967135,93589.8095498718,161515.851733933,141447.073177485
1.27185144002849,1.36032279666758,0.0947756046407606,9.47756046407606e-06,3.56745137409214,3.89745118301829,55475.8773933054,58417.6124883238,0.525775982292722,0.553656454525054,105512.384098252,130880.379206924,116982.428813947,134196.077656201,61506.5514206412,72462.7667186002,151282.829440806,138473.610680916
1.57377768582522,1.66030545722344,0.134287567081577,1.34287567081577e-05,4.82484054137536,5.26091758431733,45885.4441093795,47632.3792052834,0.616184465390623,0.639643631778459,74467.0576534105,132181.31662377,119550.773670687,117194.593663998,73665.3295613079,84548.9374184866,144122.308790655,132176.022000923
1.70416591202034,1.84828023505529,0.138941160959748,1.38941160959748e-05,5.49679894068766,6.34889152741706,46863.3499887323,49440.7261514967,0.651124825389744,0.686935189018191,71972.9123531441,157924.891004021,134326.983973811,122653.783821056,87463.6339850787,108484.164852525,168101.853405482,145540.695684685
1.66118124002703,1.73839104160002,0.143161811976862,1.43161811976862e-05,5.26552702360795,5.68818400465172,44695.9675632042,46094.2594640932,0.639875570440734,0.659893770661118,69851.0298375955,135529.006786185,124112.567475372,116035.220362782,79416.5999121678,89434.7473220921,146167.886813965,135306.972730347
1.67556303527458,1.77341719783432,0.149244889390051,1.49244889390051e-05,5.34180192544701,5.89094954553758,43128.3573843347,44805.3246938433,0.643668692739962,0.668696572801796,67003.969387957,135239.544826798,121034.432017676,112269.37432313,77906.0746333413,90434.2201329547,145208.270490098,131672.120580699
1.73261003959379,1.79164846608622,0.154883582050723,1.54883582050723e-05,5.65539546812278,5.99933401811273,42510.9127984226,43465.5645898451,0.658424245046564,0.67321023395323,64564.6224576925,133007.728839416,124455.299247506,111865.313072781,81944.3864490831,89542.1642495712,142496.164975145,134326.937488775
1.57490251108475,1.66973513298371,0.137114415153665,1.37114415153665e-05,4.83027069730522,5.3107609654666,44962.1839528777,46832.0691879915,0.616496355673032,0.642135177714742,72931.7919548645,130865.249310984,117240.565032398,114860.462287627,72278.3810795208,84033.180122993,142488.284253805,129596.679010007
1.69885167076243,1.76508382724565,0.140417989628094,1.40417989628094e-05,5.46766510564907,5.84206206153198,46272.4424138362,47473.8232425051,0.649748333893263,0.666617881967205,71215.9462365586,142400.628811876,132111.983729251,120985.329248905,85839.5413154144,94926.805569371,153055.497531156,143246.715674125
1.7749498073578,1.85161481953358,0.141709208938695,1.41709208938695e-05,5.89998499305121,6.3700977799288,47214.8431757599,48531.0352840614,0.669077807660146,0.687729461908021,70567.0441243246,155413.429587669,142676.569503899,125252.961374279,95461.7263281393,106882.394303608,165368.787888827,153164.582486841
1.60130515599181,1.68162750130464,0.138965026212915,1.38965026212915e-05,4.95950112475473,5.37429553035803,44886.450628869,46433.2158560589,0.623764678824548,0.645259305858714,71960.5520361544,130893.400793666,119304.19102766,115230.803003511,74417.7403987905,84460.1849376076,142272.691933947,131291.919412048
1.6793416360464,1.78064636634159,0.140138329237628,1.40138329237628e-05,5.36202464505602,5.93369051717321,46001.716992488,47845.0067376905,0.644660376138946,0.670491930658297,71358.0649519758,145201.320360002,129458.450179695,119834.569541557,83456.7331872074,97356.313622312,155766.289167079,140759.39400033
1.57254645149349,1.69449153357115,0.128298874301558,1.28298874301558e-05,4.81890368763475,5.4438772325531,48000.6440736099,50555.0790517609,0.615842860039389,0.648615973256719,77943.0065496575,143874.152505788,124950.545181932,122568.998368398,76949.9011083217,93319.0734540276,156095.719858803,138175.459864074
1.66592448415043,1.74176374611789,0.148158932243903,1.48158932243903e-05,5.29056203035641,5.70740095687721,43273.1145372518,44597.3062457114,0.641129844470734,0.660748927431894,67495.0868540126,131458.11421645,120581.53588568,112441.717749959,77308.4213484282,86860.8079707391,141715.078717014,131364.945314693
1.66295165240917,1.75414970242119,0.143744143787845,1.43744143787845e-05,5.27485743474969,5.77853218048576,44547.4916018692,46184.5346175329,0.640344103820691,0.663875638483735,69568.0515149139,137403.115945519,123861.424420135,115688.306221612,79313.9328182654,91218.5813279862,147887.985787151,134997.611326607
1.70207938222448,1.8049743237867,0.151196249243344,1.51196249243344e-05,5.48534166304833,6.07981533988069,43029.1661240049,44741.8503205115,0.650584852601829,0.676479995266844,66139.2068258613,138297.013062346,123146.252944128,112574.180294979,80117.086820123,93555.1627418346,147929.534023102,133465.243730276
1.41696127333453,1.48905637845812,0.125621152259919,1.25621152259919e-05,4.12456794351361,4.43291055491022,45446.0721458275,47138.9281198346,0.570898794864626,0.592164646671112,79604.4282360131,115583.231652359,105909.914961647,112796.391996368,60463.8428158191,68444.3035325244,129817.043417112,120787.28166686
1.30947188568954,1.37004574140165,0.0913156216026533,9.13156216026533e-06,3.70421694557945,3.93553070804427,58891.6662636232,60958.9012941941,0.537772911207876,0.556649996389412,109510.287774348,137496.110968202,127408.513459297,143400.64303428,68516.8471956742,76537.2096740076,158549.086364245,149230.245165189
1.65184336881712,1.76438196314046,0.150821033154062,1.50821033154062e-05,5.21658706354414,5.83796316647265,42261.8050443951,44187.6274220366,0.637396909975122,0.666442362041832,66303.7494895365,132473.738849231,116551.144231825,109523.408922002,74289.3391874303,88286.1114271942,142398.350040979,127241.876920342
1.43149727230611,1.51160481182583,0.129600639500566,1.29600639500566e-05,4.18496052879228,4.53400117766355,44386.1883691705,46192.6397375208,0.575247839763708,0.598659565020196,77160.1130869136,115095.902908077,104499.029138494,110454.491414748,60112.8407693234,68903.2631705559,128700.431258462,118792.696285262
1.4353718982174,1.52196635535203,0.107344797253013,1.07344797253013e-05,4.20120713973927,4.5812246597983,53696.3010224705,56045.4977506417,0.576401854649383,0.601619259298682,93157.7519908106,140683.251032613,126762.36100615,133716.019308716,73066.0599836795,84637.7532819709,157002.333681349,143978.820992126
1.42926517894113,1.53669155806715,0.114122904993345,1.14122904993345e-05,4.17562972365143,4.64918324561394,50347.6523262009,53082.9892640425,0.5745820343061,0.605798494054308,87624.828693093,134659.529360995,118348.674447913,125239.11646172,68001.0221217123,81576.5400969529,149868.156125173,134602.981703395
1.70414471139118,1.78065344858496,0.148292063566344,1.48292063566344e-05,5.49668240632704,5.93373254116236,43907.9021719035,45214.4012166144,0.651119341994074,0.670493685932837,67434.4921737913,137218.618540337,125853.644116773,114918.133203316,81945.7419448696,92004.2173237224,147202.632346336,136360.396052606
1.49780844878312,1.58600411325952,0.13149411023804,1.3149411023804e-05,4.47187797388926,4.88419320026319,45225.9370103603,47117.3020523795,0.594694434685899,0.619564771019464,76049.0335414815,123851.04864931,111584.791527132,113906.884960222,66358.8545167717,76733.7465969301,136644.46733268,125109.17538764
1.77179596785853,1.84709863775627,0.141677473314632,1.41677473314632e-05,5.88140669921292,6.34139412466424,47170.0206891178,48465.9527357353,0.668292934743312,0.686653372538535,70582.8510774778,154672.010126216,142203.846796618,125058.410939034,95033.8261074998,106206.05739048,164660.511812531,152716.4876101
1.61811118757781,1.67729452923475,0.144456949855262,1.44456949855262e-05,5.04355498486483,5.35105923539264,43496.6088606873,44589.2961360813,0.628338744506224,0.644123371601131,69224.7760320253,125294.252496135,117032.938509824,112013.384554988,73536.3296491372,80704.9563600541,136272.064664518,128441.047053018
1.59698515126337,1.68806764393515,0.145241661447044,1.45241661447044e-05,4.9381222680745,5.4090184503785,42865.2717327662,44542.502599841,0.622582328484596,0.646942708261018,68850.768439096,126162.250835968,113575.158154768,109953.654850309,70709.8864220016,81619.7482361271,137003.850340612,125076.623491935
1.52699267813022,1.61975769529903,0.127219242833789,1.27219242833789e-05,4.60430934058551,5.05186607735119,47402.3693879725,49425.2809669717,0.603049354206544,0.628784682146543,78604.4609074189,133144.508294464,119416.279807836,120028.436274002,72013.9104198635,83719.2273274922,146084.635312364,133142.652751677
1.72844196359243,1.80237577308036,0.150057162761054,1.50057162761054e-05,5.63187240700236,6.06403714053888,43807.4250415332,45039.1253765368,0.657361790960004,0.675844336724251,66641.270673121,138942.892193815,127853.29798528,115185.568738544,84045.8729437467,93903.7668172778,148665.652039324,138070.72156469
1.55516023504739,1.62677014594689,0.122691898972323,1.22691898972323e-05,4.73584531276374,5.08741654115352,49799.1805577242,51403.5204122299,0.610995602989279,0.630679553323908,81504.9737086209,139184.063256895,128017.011993702,126753.29407023,78217.8314359775,87780.5428446652,152541.118838505,141999.60565668
1.53312908598979,1.63131483707893,0.124525706683055,1.24525706683055e-05,4.63265012699107,5.11058989597761,48567.5063372439,50744.8491601109,0.604790304847905,0.631903820218783,80304.7038749371,137857.58165236,122890.472913507,123117.477252463,74322.9665762632,87112.732492249,150979.344351273,136859.832821346
1.48866184766202,1.55412604373729,0.131031286533875,1.31031286533875e-05,4.43116198013595,4.73095007443806,45183.8915317449,46607.6389864649,0.59205034380116,0.610705889870289,76317.6510322574,119723.462990322,110758.498861736,113611.175394906,65574.6073299913,73115.8240038574,132824.710466712,124407.951422435
1.39506647393335,1.4750266150557,0.116750994964117,1.16750994964117e-05,4.03524280217806,4.37115210983846,48332.7287534862,50370.9607378366,0.564289417130031,0.58808597834409,85652.3749803884,122285.132551068,110928.516895607,119490.756747908,62595.7881421209,71914.1718132318,137733.900763499,127149.483181073
1.33704233437228,1.42278453359683,0.119454039807536,1.19454039807536e-05,3.80776473929114,4.1486564448538,45744.1273285079,47938.5035942448,0.546432080686056,0.572644791666061,83714.205196509,112174.843454313,100853.974411813,111929.436336061,55109.8470833054,64236.339860068,127765.073245253,117266.721716546
1.7250706612144,1.81739984152649,0.151697528424881,1.51697528424881e-05,5.61291763125695,6.15583148519141,43276.9501549496,44793.5125315093,0.656500637627261,0.679506514049888,65920.6521281717,139764.190210349,125988.443926102,113717.782954429,82711.4937711523,94970.67767884,149284.162387603,136118.038505199
1.44960576887823,1.53734323679021,0.123942106981259,1.23942106981259e-05,4.26143419399049,4.65221400684873,46846.2538076968,48892.4011293192,0.580622340110477,0.60598272113407,80682.8304243051,124086.946821323,111704.218627281,116958.296432497,64857.9648195842,75194.5456920043,138084.943909196,126485.991569527
1.6834797807016,1.78330693526589,0.141857709132789,1.41857709132789e-05,5.38425945237702,5.949498529598,45520.5492150658,47311.5518054842,0.645744083011561,0.671150835464325,70493.1727794877,143870.068431789,128496.228382126,118673.831051772,82975.67916706,96558.516626305,154288.27997427,139629.941197513
1.54887979293516,1.64178558332213,0.113515333033966,1.13515333033966e-05,4.70619531542974,5.16438271996566,53669.7398818203,55914.3119286913,0.609233839653117,0.634713173995046,88093.8260297204,153069.609819252,137344.901703304,136446.747019779,83675.161821484,97155.2978905608,167366.837434017,152517.94241452
